IQ,wage,childsupp,welfare,race,tenure,sex,famsize,empstat,region,marital,eduyrs,age,urban,unemprate
105,1282.0,0,NO,WHITE,162,MALE,3,EMPLOYED,NORTHEAST,MARRIED,12TH GRADE,28,URBAN,3.0 - 5.9\%
112,1081.0,0,NO,WHITE,523,FEMALE,2,EMPLOYED,NORTHEAST,MARRIED,2ND YR COL,29,URBAN,3.0 - 5.9\%
137,-4.0,0,NO,WHITE,-4,FEMALE,3,OUT OF LABOR FORCE,NORTHEAST,MARRIED,4TH YR COL,29,RURAL,< 3.0\%
114,1009.0,0,NO,WHITE,375,FEMALE,3,EMPLOYED,NORTHEAST,MARRIED,12TH GRADE,30,RURAL,3.0 - 5.9\%
90,1237.0,0,NO,WHITE,158,FEMALE,2,EMPLOYED,NORTHEAST,MARRIED,12TH GRADE,26,URBAN,3.0 - 5.9\%
94,1178.0,0,NO,WHITE,230,MALE,1,EMPLOYED,SOUTH,NEVER MARRIED,12TH GRADE,30,RURAL,3.0 - 5.9\%
91,1062.0,0,NO,WHITE,-3,MALE,2,EMPLOYED,NORTHEAST,DIVORCED,1ST YR COL,29,URBAN,3.0 - 5.9\%
98,1400.0,0,NO,WHITE,96,MALE,2,EMPLOYED,NORTHEAST,NEVER MARRIED,3RD YR COL,27,URBAN,3.0 - 5.9\%
101,1800.0,0,NO,WHITE,19,MALE,1,EMPLOYED,NORTHEAST,NEVER MARRIED,12TH GRADE,25,URBAN,3.0 - 5.9\%
87,600.0,0,YES,WHITE,2,FEMALE,3,EMPLOYED,NORTHEAST,NEVER MARRIED,12TH GRADE,28,URBAN,3.0 - 5.9\%
102,-4.0,0,NO,WHITE,-4,FEMALE,4,OUT OF LABOR FORCE,NORTHEAST,MARRIED,12TH GRADE,28,URBAN,3.0 - 5.9\%
97,1738.0,0,NO,WHITE,20,MALE,2,EMPLOYED,NORTHEAST,MARRIED,12TH GRADE,29,URBAN,3.0 - 5.9\%
99,1250.0,0,NO,OTHER,399,MALE,4,EMPLOYED,NORTHEAST,MARRIED,12TH GRADE,30,URBAN,3.0 - 5.9\%
98,1538.0,0,NO,WHITE,475,FEMALE,4,EMPLOYED,NORTHEAST,MARRIED,2ND YR COL,31,URBAN,3.0 - 5.9\%
57,1153.0,0,NO,WHITE,70,FEMALE,1,EMPLOYED,NORTHEAST,NEVER MARRIED,4TH YR COL,25,URBAN,3.0 - 5.9\%
121,805.0,0,NO,BLACK,35,MALE,1,EMPLOYED,NORTHEAST,NEVER MARRIED,4TH YR COL,32,URBAN,3.0 - 5.9\%
93,-4.0,0,NO,WHITE,-4,FEMALE,5,OUT OF LABOR FORCE,NORTHEAST,MARRIED,12TH GRADE,28,URBAN,3.0 - 5.9\%
112,1351.0,0,NO,WHITE,386,FEMALE,4,EMPLOYED,NORTHEAST,MARRIED,12TH GRADE,31,URBAN,3.0 - 5.9\%
97,997.0,0,NO,WHITE,123,FEMALE,3,EMPLOYED,NORTHEAST,NEVER MARRIED,4TH YR COL,24,URBAN,3.0 - 5.9\%
118,1000.0,0,NO,WHITE,27,FEMALE,1,EMPLOYED,NORTHEAST,DIVORCED,12TH GRADE,30,URBAN,3.0 - 5.9\%
112,961.0,0,NO,WHITE,211,MALE,2,EMPLOYED,NORTHEAST,MARRIED,4TH YR COL,27,URBAN,3.0 - 5.9\%
118,685.0,0,NO,WHITE,33,MALE,3,EMPLOYED,NORTHEAST,NEVER MARRIED,8TH YR COL OR MORE,30,URBAN,3.0 - 5.9\%
102,1255.0,0,NO,WHITE,390,FEMALE,3,EMPLOYED,NORTHEAST,NEVER MARRIED,12TH GRADE,27,URBAN,3.0 - 5.9\%
98,-4.0,0,NO,WHITE,-4,FEMALE,5,OUT OF LABOR FORCE,NORTHEAST,MARRIED,12TH GRADE,30,URBAN,3.0 - 5.9\%
105,770.0,2600,NO,WHITE,9,FEMALE,5,EMPLOYED,NORTHEAST,DIVORCED,11TH GRADE,25,URBAN,3.0 - 5.9\%
96,1638.0,0,NO,WHITE,124,MALE,6,EMPLOYED,NORTHEAST,MARRIED,12TH GRADE,32,URBAN,3.0 - 5.9\%
110,1450.0,0,NO,WHITE,716,MALE,3,EMPLOYED,NORTHEAST,MARRIED,3RD YR COL,29,RURAL,3.0 - 5.9\%
100,857.0,0,NO,WHITE,281,MALE,2,EMPLOYED,NORTHEAST,MARRIED,12TH GRADE,27,URBAN,3.0 - 5.9\%
127,1281.0,0,NO,WHITE,387,FEMALE,4,EMPLOYED,NORTHEAST,MARRIED,12TH GRADE,30,URBAN,3.0 - 5.9\%
80,685.0,0,NO,WHITE,140,FEMALE,3,EMPLOYED,NORTHEAST,NEVER MARRIED,12TH GRADE,31,URBAN,3.0 - 5.9\%
96,1188.0,0,NO,WHITE,210,FEMALE,1,EMPLOYED,NORTHEAST,NEVER MARRIED,12TH GRADE,28,URBAN,3.0 - 5.9\%
102,1120.0,0,NO,WHITE,319,FEMALE,3,EMPLOYED,NORTHEAST,MARRIED,12TH GRADE,28,URBAN,3.0 - 5.9\%
82,-4.0,0,NO,BLACK,-4,FEMALE,5,OUT OF LABOR FORCE,NORTHEAST,MARRIED,9TH GRADE,31,URBAN,3.0 - 5.9\%
94,1137.0,0,NO,WHITE,75,FEMALE,3,EMPLOYED,NORTHEAST,MARRIED,1ST YR COL,29,URBAN,3.0 - 5.9\%
114,801.0,0,NO,WHITE,279,MALE,2,EMPLOYED,NORTHEAST,MARRIED,1ST YR COL,31,RURAL,6.0 - 8.9\%
98,650.0,0,NO,WHITE,55,FEMALE,4,EMPLOYED,NORTHEAST,MARRIED,12TH GRADE,30,URBAN,3.0 - 5.9\%
92,750.0,0,NO,WHITE,28,FEMALE,2,EMPLOYED,NORTHEAST,MARRIED,12TH GRADE,26,URBAN,3.0 - 5.9\%
47,1100.0,0,NO,WHITE,361,MALE,1,EMPLOYED,NORTHEAST,NEVER MARRIED,6TH YR COL,26,URBAN,3.0 - 5.9\%
101,1961.0,0,NO,WHITE,415,FEMALE,3,EMPLOYED,NORTHEAST,NEVER MARRIED,8TH YR COL OR MORE,30,URBAN,3.0 - 5.9\%
117,961.0,0,NO,WHITE,85,FEMALE,4,EMPLOYED,NORTHEAST,MARRIED,12TH GRADE,26,RURAL,6.0 - 8.9\%
98,750.0,3000,NO,WHITE,66,MALE,3,EMPLOYED,NORTHEAST,MARRIED,12TH GRADE,25,RURAL,6.0 - 8.9\%
109,1562.0,0,NO,WHITE,64,MALE,4,EMPLOYED,NORTHEAST,MARRIED,12TH GRADE,31,URBAN,3.0 - 5.9\%
103,600.0,0,NO,WHITE,30,MALE,2,EMPLOYED,SOUTH,MARRIED,5TH YR COL,25,URBAN,3.0 - 5.9\%
89,666.0,0,NO,WHITE,18,FEMALE,4,EMPLOYED,NORTHEAST,MARRIED,12TH GRADE,31,URBAN,3.0 - 5.9\%
73,929.0,0,NO,WHITE,200,FEMALE,4,EMPLOYED,NORTHEAST,DIVORCED,12TH GRADE,28,URBAN,3.0 - 5.9\%
97,763.0,0,NO,WHITE,79,FEMALE,3,EMPLOYED,SOUTH,MARRIED,12TH GRADE,27,URBAN,3.0 - 5.9\%
103,850.0,0,NO,WHITE,82,MALE,1,EMPLOYED,NORTHEAST,SEPARATED,12TH GRADE,30,URBAN,3.0 - 5.9\%
115,1550.0,0,NO,WHITE,426,MALE,4,EMPLOYED,NORTHEAST,MARRIED,2ND YR COL,28,URBAN,3.0 - 5.9\%
102,961.0,0,NO,WHITE,226,MALE,2,EMPLOYED,NORTHEAST,MARRIED,2ND YR COL,26,URBAN,3.0 - 5.9\%
95,1000.0,0,NO,WHITE,136,MALE,2,EMPLOYED,NORTHEAST,MARRIED,12TH GRADE,27,URBAN,3.0 - 5.9\%
117,1250.0,0,NO,WHITE,29,FEMALE,1,EMPLOYED,SOUTH,NEVER MARRIED,4TH YR COL,27,URBAN,< 3.0\%
120,944.0,0,NO,WHITE,14,FEMALE,2,EMPLOYED,NORTHEAST,MARRIED,4TH YR COL,26,URBAN,3.0 - 5.9\%
112,-4.0,0,NO,WHITE,-4,FEMALE,5,OUT OF LABOR FORCE,NORTHEAST,MARRIED,4TH YR COL,32,URBAN,3.0 - 5.9\%
103,1442.0,0,NO,WHITE,182,MALE,1,EMPLOYED,SOUTH,NEVER MARRIED,3RD YR COL,30,URBAN,3.0 - 5.9\%
102,1236.0,0,NO,WHITE,161,MALE,1,EMPLOYED,NORTHEAST,NEVER MARRIED,1ST YR COL,29,URBAN,3.0 - 5.9\%
117,1038.0,0,NO,WHITE,36,FEMALE,2,EMPLOYED,WEST,MARRIED,1ST YR COL,26,URBAN,< 3.0\%
120,473.0,0,NO,WHITE,130,FEMALE,1,EMPLOYED,NORTHEAST,NEVER MARRIED,12TH GRADE,27,URBAN,3.0 - 5.9\%
110,732.0,0,NO,WHITE,84,FEMALE,6,EMPLOYED,NORTHEAST,NEVER MARRIED,4TH YR COL,25,URBAN,3.0 - 5.9\%
87,1400.0,0,NO,WHITE,208,MALE,2,EMPLOYED,NORTHEAST,NEVER MARRIED,12TH GRADE,31,URBAN,3.0 - 5.9\%
106,1099.0,0,NO,WHITE,69,MALE,1,EMPLOYED,NORTHEAST,NEVER MARRIED,12TH GRADE,29,RURAL,6.0 - 8.9\%
88,9000.0,450,NO,WHITE,561,FEMALE,4,EMPLOYED,NORTHEAST,MARRIED,10TH GRADE,28,URBAN,3.0 - 5.9\%
114,-4.0,0,NO,WHITE,-4,FEMALE,7,OUT OF LABOR FORCE,NORTHEAST,MARRIED,12TH GRADE,30,URBAN,3.0 - 5.9\%
38,925.0,0,NO,WHITE,148,MALE,2,EMPLOYED,NORTHEAST,MARRIED,12TH GRADE,25,URBAN,3.0 - 5.9\%
131,1200.0,0,NO,WHITE,70,FEMALE,2,EMPLOYED,NORTHEAST,MARRIED,4TH YR COL,29,URBAN,3.0 - 5.9\%
100,1108.0,0,NO,WHITE,122,MALE,1,EMPLOYED,WEST,DIVORCED,4TH YR COL,27,URBAN,3.0 - 5.9\%
105,1000.0,0,NO,WHITE,35,FEMALE,3,OUT OF LABOR FORCE,NORTHEAST,MARRIED,3RD YR COL,26,URBAN,3.0 - 5.9\%
88,-4.0,0,NO,WHITE,223,MALE,4,EMPLOYED,NORTHEAST,MARRIED,12TH GRADE,32,URBAN,3.0 - 5.9\%
102,1267.0,0,NO,WHITE,409,MALE,3,EMPLOYED,NORTHEAST,MARRIED,1ST YR COL,30,URBAN,3.0 - 5.9\%
90,6730.0,0,NO,WHITE,218,MALE,4,EMPLOYED,NORTHEAST,NEVER MARRIED,5TH YR COL,27,URBAN,3.0 - 5.9\%
83,909.0,0,NO,WHITE,185,MALE,4,EMPLOYED,NORTHEAST,MARRIED,12TH GRADE,30,URBAN,< 3.0\%
103,1086.0,0,NO,WHITE,511,FEMALE,3,EMPLOYED,NORTHEAST,SEPARATED,12TH GRADE,27,URBAN,3.0 - 5.9\%
110,1326.0,0,NO,WHITE,237,MALE,1,EMPLOYED,NORTHEAST,NEVER MARRIED,4TH YR COL,31,URBAN,3.0 - 5.9\%
115,1555.0,0,NO,WHITE,61,MALE,3,EMPLOYED,NORTHEAST,MARRIED,4TH YR COL,29,URBAN,3.0 - 5.9\%
121,1153.0,0,NO,WHITE,372,FEMALE,2,EMPLOYED,NORTHEAST,MARRIED,4TH YR COL,30,URBAN,3.0 - 5.9\%
124,1586.0,0,NO,WHITE,120,FEMALE,2,EMPLOYED,NORTHEAST,MARRIED,4TH YR COL,29,URBAN,3.0 - 5.9\%
126,1050.0,0,NO,WHITE,133,FEMALE,4,OUT OF LABOR FORCE,NORTHEAST,MARRIED,2ND YR COL,29,URBAN,3.0 - 5.9\%
87,927.0,0,NO,WHITE,331,MALE,4,EMPLOYED,NORTHEAST,NEVER MARRIED,1ST YR COL,25,URBAN,3.0 - 5.9\%
112,850.0,0,NO,WHITE,72,FEMALE,2,EMPLOYED,NORTHEAST,MARRIED,4TH YR COL,26,RURAL,6.0 - 8.9\%
118,1760.0,0,NO,WHITE,308,MALE,4,EMPLOYED,NORTHEAST,MARRIED,12TH GRADE,28,URBAN,3.0 - 5.9\%
116,1402.0,0,NO,WHITE,176,MALE,4,EMPLOYED,SOUTH,MARRIED,4TH YR COL,31,URBAN,< 3.0\%
149,1500.0,0,NO,WHITE,58,MALE,4,EMPLOYED,NORTHEAST,MARRIED,7TH YR COL,31,URBAN,< 3.0\%
113,200.0,0,NO,WHITE,92,FEMALE,4,EMPLOYED,NORTHEAST,MARRIED,2ND YR COL,31,URBAN,3.0 - 5.9\%
108,1105.0,0,NO,WHITE,365,FEMALE,4,EMPLOYED,NORTHEAST,MARRIED,2ND YR COL,29,URBAN,3.0 - 5.9\%
113,1538.0,0,NO,WHITE,375,MALE,3,EMPLOYED,NORTHEAST,MARRIED,4TH YR COL,31,URBAN,3.0 - 5.9\%
83,1827.0,0,NO,WHITE,114,MALE,4,EMPLOYED,NORTH CENTRAL,MARRIED,12TH GRADE,30,URBAN,3.0 - 5.9\%
84,-4.0,0,NO,WHITE,-4,FEMALE,4,OUT OF LABOR FORCE,NORTH CENTRAL,MARRIED,9TH GRADE,32,URBAN,3.0 - 5.9\%
75,-4.0,0,NO,WHITE,160,FEMALE,2,EMPLOYED,NORTH CENTRAL,NEVER MARRIED,10TH GRADE,28,URBAN,3.0 - 5.9\%
64,600.0,0,NO,WHITE,180,MALE,4,EMPLOYED,NORTH CENTRAL,NEVER MARRIED,11TH GRADE,26,URBAN,3.0 - 5.9\%
109,641.0,0,NO,WHITE,171,FEMALE,2,EMPLOYED,NORTH CENTRAL,MARRIED,2ND YR COL,26,URBAN,3.0 - 5.9\%
79,800.0,1200,NO,BLACK,573,MALE,6,EMPLOYED,NORTH CENTRAL,MARRIED,12TH GRADE,31,URBAN,3.0 - 5.9\%
40,800.0,0,NO,WHITE,176,MALE,5,EMPLOYED,NORTH CENTRAL,MARRIED,10TH GRADE,30,URBAN,3.0 - 5.9\%
35,-4.0,0,NO,WHITE,-4,FEMALE,4,OUT OF LABOR FORCE,NORTH CENTRAL,MARRIED,12TH GRADE,29,URBAN,3.0 - 5.9\%
40,-4.0,0,NO,WHITE,-4,FEMALE,4,OUT OF LABOR FORCE,NORTH CENTRAL,MARRIED,12TH GRADE,32,RURAL,3.0 - 5.9\%
34,563.0,0,NO,WHITE,307,FEMALE,1,EMPLOYED,NORTH CENTRAL,DIVORCED,12TH GRADE,27,RURAL,3.0 - 5.9\%
40,500.0,0,NO,WHITE,268,MALE,3,EMPLOYED,NORTH CENTRAL,NEVER MARRIED,1ST YR COL,25,RURAL,3.0 - 5.9\%
38,1442.0,0,NO,WHITE,421,MALE,4,EMPLOYED,NORTH CENTRAL,MARRIED,12TH GRADE,28,RURAL,3.0 - 5.9\%
39,517.0,0,NO,WHITE,13,MALE,1,EMPLOYED,NORTH CENTRAL,SEPARATED,12TH GRADE,25,RURAL,3.0 - 5.9\%
122,1503.0,0,NO,WHITE,66,MALE,2,EMPLOYED,WEST,MARRIED,4TH YR COL,28,URBAN,3.0 - 5.9\%
108,1235.0,0,NO,WHITE,234,MALE,4,EMPLOYED,NORTH CENTRAL,MARRIED,12TH GRADE,29,URBAN,3.0 - 5.9\%
129,1923.0,0,NO,WHITE,26,MALE,4,EMPLOYED,NORTH CENTRAL,MARRIED,5TH YR COL,32,URBAN,3.0 - 5.9\%
122,1052.0,0,NO,WHITE,75,FEMALE,2,EMPLOYED,NORTH CENTRAL,MARRIED,4TH YR COL,28,URBAN,3.0 - 5.9\%
107,961.0,0,NO,WHITE,189,FEMALE,1,EMPLOYED,NORTH CENTRAL,NEVER MARRIED,4TH YR COL,28,URBAN,3.0 - 5.9\%
128,1280.0,0,NO,WHITE,179,MALE,2,EMPLOYED,NORTH CENTRAL,MARRIED,6TH YR COL,29,URBAN,3.0 - 5.9\%
118,-4.0,0,NO,WHITE,165,FEMALE,2,EMPLOYED,NORTH CENTRAL,MARRIED,5TH YR COL,26,URBAN,3.0 - 5.9\%
112,1007.0,0,NO,WHITE,60,MALE,1,EMPLOYED,NORTH CENTRAL,NEVER MARRIED,4TH YR COL,27,URBAN,3.0 - 5.9\%
109,800.0,0,NO,WHITE,14,MALE,1,EMPLOYED,NORTH CENTRAL,DIVORCED,12TH GRADE,28,URBAN,3.0 - 5.9\%
105,750.0,0,NO,WHITE,35,FEMALE,2,EMPLOYED,NORTH CENTRAL,MARRIED,4TH YR COL,28,URBAN,3.0 - 5.9\%
115,1495.0,0,NO,BLACK,201,MALE,2,EMPLOYED,NORTH CENTRAL,NEVER MARRIED,4TH YR COL,27,URBAN,3.0 - 5.9\%
100,640.0,0,NO,BLACK,55,MALE,2,EMPLOYED,NORTH CENTRAL,NEVER MARRIED,4TH YR COL,25,URBAN,3.0 - 5.9\%
62,900.0,0,NO,BLACK,331,MALE,4,EMPLOYED,NORTH CENTRAL,MARRIED,12TH GRADE,29,URBAN,3.0 - 5.9\%
80,1100.0,0,NO,BLACK,7,MALE,3,EMPLOYED,NORTH CENTRAL,DIVORCED,12TH GRADE,28,URBAN,3.0 - 5.9\%
77,535.0,0,NO,BLACK,88,MALE,3,UNEMPLOYED,NORTH CENTRAL,NEVER MARRIED,12TH GRADE,31,URBAN,3.0 - 5.9\%
83,425.0,0,NO,BLACK,39,FEMALE,4,EMPLOYED,WEST,NEVER MARRIED,12TH GRADE,29,URBAN,3.0 - 5.9\%
73,625.0,0,NO,BLACK,6,MALE,3,EMPLOYED,NORTH CENTRAL,NEVER MARRIED,12TH GRADE,27,URBAN,3.0 - 5.9\%
87,400.0,0,NO,BLACK,23,FEMALE,1,EMPLOYED,NORTH CENTRAL,NEVER MARRIED,12TH GRADE,26,URBAN,3.0 - 5.9\%
117,500.0,0,NO,WHITE,31,FEMALE,4,EMPLOYED,WEST,MARRIED,2ND YR COL,28,RURAL,3.0 - 5.9\%
133,600.0,0,NO,WHITE,60,MALE,3,EMPLOYED,NORTH CENTRAL,MARRIED,4TH YR COL,26,RURAL,6.0 - 8.9\%
89,70000.0,0,NO,WHITE,4,MALE,3,EMPLOYED,NORTH CENTRAL,MARRIED,12TH GRADE,28,URBAN,6.0 - 8.9\%
91,500.0,0,NO,WHITE,33,MALE,4,OUT OF LABOR FORCE,WEST,NEVER MARRIED,12TH GRADE,27,URBAN,3.0 - 5.9\%
100,625.0,0,NO,WHITE,9,MALE,1,EMPLOYED,NORTH CENTRAL,DIVORCED,12TH GRADE,25,URBAN,6.0 - 8.9\%
96,1068.0,0,NO,WHITE,205,FEMALE,2,EMPLOYED,NORTH CENTRAL,DIVORCED,2ND YR COL,25,URBAN,6.0 - 8.9\%
54,1961.0,0,NO,OTHER,6,MALE,2,EMPLOYED,NORTH CENTRAL,DIVORCED,12TH GRADE,31,URBAN,6.0 - 8.9\%
38,400.0,0,NO,WHITE,36,FEMALE,2,OUT OF LABOR FORCE,NORTH CENTRAL,MARRIED,12TH GRADE,26,URBAN,6.0 - 8.9\%
52,200.0,0,NO,WHITE,176,FEMALE,3,EMPLOYED,SOUTH,MARRIED,12TH GRADE,32,URBAN,3.0 - 5.9\%
42,550.0,0,NO,WHITE,18,FEMALE,3,EMPLOYED,NORTH CENTRAL,MARRIED,12TH GRADE,27,URBAN,3.0 - 5.9\%
40,460.0,0,NO,WHITE,159,FEMALE,3,EMPLOYED,NORTH CENTRAL,MARRIED,12TH GRADE,29,URBAN,6.0 - 8.9\%
101,500.0,6720,NO,WHITE,2,FEMALE,4,EMPLOYED,NORTH CENTRAL,DIVORCED,4TH YR COL,29,RURAL,6.0 - 8.9\%
51,-4.0,0,NO,WHITE,198,FEMALE,2,EMPLOYED,NORTH CENTRAL,MARRIED,4TH YR COL,31,URBAN,3.0 - 5.9\%
68,1442.0,0,NO,WHITE,22,FEMALE,2,EMPLOYED,WEST,MARRIED,6TH YR COL,30,URBAN,3.0 - 5.9\%
57,1623.0,0,NO,WHITE,268,MALE,3,EMPLOYED,WEST,MARRIED,5TH YR COL,31,URBAN,3.0 - 5.9\%
44,480.0,0,NO,WHITE,13,MALE,1,EMPLOYED,NORTHEAST,NEVER MARRIED,4TH YR COL,29,RURAL,< 3.0\%
149,675.0,0,NO,WHITE,57,FEMALE,1,EMPLOYED,NORTH CENTRAL,NEVER MARRIED,6TH YR COL,31,URBAN,6.0 - 8.9\%
52,1200.0,0,NO,WHITE,88,FEMALE,2,EMPLOYED,SOUTH,MARRIED,3RD YR COL,30,URBAN,3.0 - 5.9\%
22,2447.0,0,NO,WHITE,522,MALE,4,EMPLOYED,NORTH CENTRAL,MARRIED,12TH GRADE,31,URBAN,3.0 - 5.9\%
100,450.0,0,NO,WHITE,2,FEMALE,1,EMPLOYED,NORTH CENTRAL,NEVER MARRIED,12TH GRADE,26,URBAN,3.0 - 5.9\%
54,450.0,0,NO,BLACK,124,FEMALE,2,EMPLOYED,NORTH CENTRAL,MARRIED,12TH GRADE,30,URBAN,3.0 - 5.9\%
86,700.0,0,NO,WHITE,11,MALE,3,EMPLOYED,NORTH CENTRAL,MARRIED,12TH GRADE,29,URBAN,3.0 - 5.9\%
98,-4.0,0,NO,WHITE,-4,FEMALE,2,OUT OF LABOR FORCE,SOUTH,MARRIED,12TH GRADE,26,URBAN,3.0 - 5.9\%
111,707.0,0,NO,WHITE,144,MALE,2,EMPLOYED,SOUTH,MARRIED,4TH YR COL,25,URBAN,3.0 - 5.9\%
110,1783.0,0,NO,WHITE,302,FEMALE,4,EMPLOYED,SOUTH,MARRIED,1ST YR COL,32,RURAL,3.0 - 5.9\%
110,1213.0,0,NO,WHITE,52,MALE,2,EMPLOYED,SOUTH,MARRIED,4TH YR COL,25,URBAN,3.0 - 5.9\%
91,769.0,0,NO,OTHER,292,MALE,1,EMPLOYED,SOUTH,NEVER MARRIED,12TH GRADE,26,URBAN,3.0 - 5.9\%
116,576.0,0,NO,WHITE,15,FEMALE,2,EMPLOYED,SOUTH,MARRIED,4TH YR COL,26,URBAN,3.0 - 5.9\%
137,1465.0,0,NO,WHITE,180,FEMALE,2,EMPLOYED,SOUTH,MARRIED,4TH YR COL,26,URBAN,3.0 - 5.9\%
110,1442.0,0,NO,WHITE,35,MALE,2,EMPLOYED,SOUTH,MARRIED,4TH YR COL,26,URBAN,3.0 - 5.9\%
89,1009.0,0,NO,WHITE,551,FEMALE,4,EMPLOYED,SOUTH,NEVER MARRIED,12TH GRADE,30,URBAN,3.0 - 5.9\%
130,869.0,0,NO,WHITE,1,MALE,2,EMPLOYED,NORTHEAST,MARRIED,4TH YR COL,28,URBAN,3.0 - 5.9\%
102,1162.0,0,NO,WHITE,22,MALE,3,EMPLOYED,SOUTH,MARRIED,4TH YR COL,27,URBAN,3.0 - 5.9\%
104,1107.0,0,NO,WHITE,2,FEMALE,1,EMPLOYED,SOUTH,NEVER MARRIED,4TH YR COL,26,URBAN,3.0 - 5.9\%
85,552.0,0,NO,BLACK,197,FEMALE,2,EMPLOYED,SOUTH,DIVORCED,2ND YR COL,31,URBAN,3.0 - 5.9\%
83,343.0,0,NO,BLACK,23,MALE,4,EMPLOYED,SOUTH,NEVER MARRIED,12TH GRADE,26,URBAN,3.0 - 5.9\%
110,465.0,0,NO,WHITE,49,FEMALE,1,EMPLOYED,SOUTH,NEVER MARRIED,8TH YR COL OR MORE,26,URBAN,3.0 - 5.9\%
88,900.0,0,NO,WHITE,256,MALE,1,EMPLOYED,SOUTH,NEVER MARRIED,12TH GRADE,25,URBAN,3.0 - 5.9\%
59,350.0,0,NO,BLACK,9,FEMALE,3,UNEMPLOYED,SOUTH,NEVER MARRIED,2ND YR COL,27,URBAN,3.0 - 5.9\%
104,1572.0,0,NO,WHITE,468,FEMALE,2,EMPLOYED,SOUTH,MARRIED,4TH YR COL,30,RURAL,6.0 - 8.9\%
106,-4.0,0,NO,WHITE,-4,FEMALE,4,OUT OF LABOR FORCE,SOUTH,MARRIED,12TH GRADE,32,RURAL,6.0 - 8.9\%
40,450.0,0,NO,WHITE,17,MALE,1,EMPLOYED,SOUTH,DIVORCED,12TH GRADE,30,URBAN,6.0 - 8.9\%
47,800.0,500,NO,WHITE,51,FEMALE,1,EMPLOYED,SOUTH,DIVORCED,12TH GRADE,28,URBAN,6.0 - 8.9\%
61,-4.0,0,NO,WHITE,184,MALE,1,EMPLOYED,SOUTH,NEVER MARRIED,5TH YR COL,30,URBAN,6.0 - 8.9\%
60,1153.0,0,NO,WHITE,65,FEMALE,3,OUT OF LABOR FORCE,SOUTH,MARRIED,3RD YR COL,28,URBAN,6.0 - 8.9\%
35,625.0,0,NO,WHITE,59,MALE,1,EMPLOYED,SOUTH,NEVER MARRIED,12TH GRADE,27,URBAN,6.0 - 8.9\%
83,635.0,0,NO,BLACK,603,MALE,4,EMPLOYED,SOUTH,MARRIED,12TH GRADE,32,URBAN,6.0 - 8.9\%
24,1442.0,0,NO,OTHER,571,FEMALE,4,OUT OF LABOR FORCE,WEST,MARRIED,12TH GRADE,30,URBAN,6.0 - 8.9\%
107,813.0,0,NO,WHITE,89,FEMALE,1,EMPLOYED,WEST,NEVER MARRIED,4TH YR COL,26,URBAN,6.0 - 8.9\%
85,565.0,0,NO,WHITE,28,FEMALE,4,EMPLOYED,WEST,MARRIED,12TH GRADE,28,URBAN,9.0 - 11.9\%
94,581.0,0,NO,WHITE,20,MALE,3,UNEMPLOYED,WEST,NEVER MARRIED,10TH GRADE,26,RURAL,6.0 - 8.9\%
85,675.0,0,NO,WHITE,79,MALE,1,EMPLOYED,WEST,NEVER MARRIED,12TH GRADE,29,URBAN,3.0 - 5.9\%
33,-4.0,0,NO,WHITE,-4,FEMALE,7,OUT OF LABOR FORCE,SOUTH,MARRIED,12TH GRADE,29,URBAN,3.0 - 5.9\%
32,775.0,0,NO,WHITE,390,MALE,4,EMPLOYED,WEST,MARRIED,12TH GRADE,27,RURAL,6.0 - 8.9\%
49,817.0,0,NO,WHITE,18,FEMALE,1,EMPLOYED,WEST,NEVER MARRIED,12TH GRADE,25,URBAN,3.0 - 5.9\%
72,465.0,0,NO,WHITE,94,MALE,2,EMPLOYED,WEST,MARRIED,3RD YR COL,28,URBAN,6.0 - 8.9\%
31,525.0,0,NO,WHITE,75,FEMALE,1,EMPLOYED,WEST,NEVER MARRIED,4TH YR COL,27,URBAN,6.0 - 8.9\%
24,375.0,0,NO,WHITE,174,MALE,3,EMPLOYED,WEST,MARRIED,12TH GRADE,27,URBAN,6.0 - 8.9\%
37,800.0,0,NO,WHITE,64,MALE,1,EMPLOYED,WEST,DIVORCED,12TH GRADE,26,URBAN,< 3.0\%
29,500.0,1200,NO,WHITE,3,FEMALE,2,UNEMPLOYED,WEST,DIVORCED,10TH GRADE,24,URBAN,6.0 - 8.9\%
39,-4.0,0,NO,WHITE,102,FEMALE,4,EMPLOYED,WEST,MARRIED,12TH GRADE,30,URBAN,6.0 - 8.9\%
97,530.0,0,NO,WHITE,6,FEMALE,4,EMPLOYED,WEST,MARRIED,12TH GRADE,30,URBAN,6.0 - 8.9\%
124,1057.0,0,NO,WHITE,106,FEMALE,4,EMPLOYED,WEST,MARRIED,2ND YR COL,31,URBAN,6.0 - 8.9\%
137,-4.0,0,NO,WHITE,70,FEMALE,4,EMPLOYED,WEST,NEVER MARRIED,5TH YR COL,30,URBAN,6.0 - 8.9\%
108,1046.0,0,NO,WHITE,340,MALE,1,EMPLOYED,NORTH CENTRAL,NEVER MARRIED,12TH GRADE,30,URBAN,3.0 - 5.9\%
108,1046.0,0,NO,WHITE,176,FEMALE,4,EMPLOYED,WEST,MARRIED,12TH GRADE,27,URBAN,3.0 - 5.9\%
115,1442.0,0,NO,WHITE,135,FEMALE,2,EMPLOYED,NORTH CENTRAL,MARRIED,4TH YR COL,28,URBAN,3.0 - 5.9\%
84,-4.0,0,NO,WHITE,-4,FEMALE,4,OUT OF LABOR FORCE,WEST,MARRIED,11TH GRADE,26,URBAN,3.0 - 5.9\%
120,852.0,0,NO,WHITE,163,MALE,1,EMPLOYED,WEST,NEVER MARRIED,12TH GRADE,27,URBAN,3.0 - 5.9\%
130,888.0,0,NO,WHITE,54,FEMALE,1,OUT OF LABOR FORCE,NORTHEAST,DIVORCED,2ND YR COL,26,URBAN,3.0 - 5.9\%
117,1450.0,0,NO,WHITE,226,FEMALE,5,EMPLOYED,NORTHEAST,MARRIED,3RD YR COL,32,RURAL,3.0 - 5.9\%
109,1132.0,0,NO,WHITE,432,MALE,5,EMPLOYED,NORTHEAST,MARRIED,12TH GRADE,30,RURAL,3.0 - 5.9\%
105,966.0,0,NO,WHITE,307,FEMALE,2,EMPLOYED,NORTHEAST,MARRIED,12TH GRADE,25,RURAL,3.0 - 5.9\%
90,925.0,0,NO,WHITE,593,MALE,3,EMPLOYED,NORTHEAST,MARRIED,12TH GRADE,30,RURAL,3.0 - 5.9\%
118,-4.0,0,NO,WHITE,-4,FEMALE,5,OUT OF LABOR FORCE,NORTHEAST,MARRIED,12TH GRADE,28,RURAL,3.0 - 5.9\%
95,1450.0,0,NO,WHITE,216,FEMALE,2,EMPLOYED,NORTHEAST,MARRIED,12TH GRADE,25,RURAL,3.0 - 5.9\%
123,1698.0,0,NO,WHITE,70,FEMALE,1,EMPLOYED,WEST,DIVORCED,6TH YR COL,29,URBAN,3.0 - 5.9\%
92,-4.0,0,NO,WHITE,-4,FEMALE,5,OUT OF LABOR FORCE,NORTH CENTRAL,MARRIED,12TH GRADE,30,URBAN,9.0 - 11.9\%
97,-4.0,0,NO,WHITE,-4,MALE,3,OUT OF LABOR FORCE,NORTH CENTRAL,NEVER MARRIED,12TH GRADE,29,URBAN,9.0 - 11.9\%
89,450.0,2167,NO,WHITE,143,FEMALE,3,EMPLOYED,NORTH CENTRAL,DIVORCED,12TH GRADE,29,RURAL,6.0 - 8.9\%
52,535.0,0,NO,WHITE,70,MALE,2,EMPLOYED,NORTH CENTRAL,NEVER MARRIED,11TH GRADE,25,RURAL,6.0 - 8.9\%
71,1065.0,0,NO,WHITE,84,FEMALE,3,UNEMPLOYED,NORTH CENTRAL,MARRIED,7TH GRADE,30,RURAL,6.0 - 8.9\%
99,700.0,0,NO,WHITE,155,FEMALE,3,EMPLOYED,NORTH CENTRAL,MARRIED,12TH GRADE,30,RURAL,6.0 - 8.9\%
95,550.0,0,NO,WHITE,29,MALE,1,UNEMPLOYED,NORTH CENTRAL,NEVER MARRIED,12TH GRADE,30,RURAL,6.0 - 8.9\%
106,659.0,600,NO,WHITE,339,FEMALE,2,EMPLOYED,NORTH CENTRAL,NEVER MARRIED,12TH GRADE,25,RURAL,6.0 - 8.9\%
98,900.0,0,NO,WHITE,578,MALE,4,EMPLOYED,NORTH CENTRAL,MARRIED,12TH GRADE,31,RURAL,6.0 - 8.9\%
83,1182.0,0,NO,WHITE,298,MALE,4,EMPLOYED,NORTH CENTRAL,MARRIED,2ND YR COL,27,RURAL,6.0 - 8.9\%
108,2019.0,0,NO,WHITE,447,MALE,3,EMPLOYED,NORTH CENTRAL,MARRIED,2ND YR COL,29,RURAL,6.0 - 8.9\%
108,500.0,0,NO,WHITE,26,MALE,5,UNEMPLOYED,NORTH CENTRAL,DIVORCED,12TH GRADE,27,RURAL,6.0 - 8.9\%
91,350.0,0,NO,WHITE,58,FEMALE,2,EMPLOYED,SOUTH,SEPARATED,12TH GRADE,26,RURAL,3.0 - 5.9\%
54,958.0,0,NO,WHITE,356,FEMALE,2,EMPLOYED,SOUTH,MARRIED,12TH GRADE,27,RURAL,3.0 - 5.9\%
102,2034.0,0,NO,WHITE,22,MALE,2,EMPLOYED,SOUTH,MARRIED,3RD YR COL,27,URBAN,3.0 - 5.9\%
94,930.0,0,NO,WHITE,265,MALE,3,EMPLOYED,SOUTH,SEPARATED,1ST YR COL,27,RURAL,3.0 - 5.9\%
84,1531.0,0,NO,WHITE,21,MALE,1,EMPLOYED,NORTHEAST,NEVER MARRIED,12TH GRADE,25,URBAN,3.0 - 5.9\%
116,1447.0,0,NO,WHITE,26,MALE,3,EMPLOYED,SOUTH,NEVER MARRIED,4TH YR COL,26,URBAN,3.0 - 5.9\%
79,700.0,0,NO,WHITE,206,MALE,4,EMPLOYED,SOUTH,MARRIED,8TH GRADE,31,RURAL,3.0 - 5.9\%
82,-4.0,0,NO,WHITE,148,MALE,4,EMPLOYED,SOUTH,MARRIED,9TH GRADE,25,RURAL,3.0 - 5.9\%
84,622.0,0,NO,WHITE,170,MALE,1,EMPLOYED,SOUTH,DIVORCED,8TH GRADE,32,RURAL,3.0 - 5.9\%
29,600.0,0,NO,BLACK,139,MALE,2,EMPLOYED,SOUTH,NEVER MARRIED,12TH GRADE,25,RURAL,3.0 - 5.9\%
113,531.0,0,NO,WHITE,23,FEMALE,2,EMPLOYED,SOUTH,MARRIED,12TH GRADE,30,RURAL,3.0 - 5.9\%
102,717.0,0,NO,WHITE,94,FEMALE,3,EMPLOYED,SOUTH,MARRIED,12TH GRADE,27,RURAL,3.0 - 5.9\%
99,590.0,0,NO,WHITE,410,FEMALE,3,EMPLOYED,SOUTH,MARRIED,2ND YR COL,28,RURAL,3.0 - 5.9\%
101,400.0,0,NO,WHITE,3,MALE,1,EMPLOYED,SOUTH,DIVORCED,2ND YR COL,26,RURAL,3.0 - 5.9\%
119,580.0,260,NO,WHITE,63,FEMALE,2,EMPLOYED,SOUTH,DIVORCED,12TH GRADE,28,RURAL,3.0 - 5.9\%
112,2015.0,0,NO,WHITE,549,MALE,5,EMPLOYED,SOUTH,MARRIED,4TH YR COL,31,URBAN,3.0 - 5.9\%
94,675.0,0,NO,WHITE,430,FEMALE,4,EMPLOYED,SOUTH,NEVER MARRIED,12TH GRADE,27,RURAL,3.0 - 5.9\%
111,1549.0,0,NO,WHITE,455,FEMALE,4,EMPLOYED,SOUTH,MARRIED,4TH YR COL,24,RURAL,3.0 - 5.9\%
68,676.0,0,NO,BLACK,88,FEMALE,4,EMPLOYED,SOUTH,MARRIED,9TH GRADE,27,RURAL,3.0 - 5.9\%
76,-4.0,50,YES,BLACK,-4,FEMALE,8,OUT OF LABOR FORCE,SOUTH,NEVER MARRIED,7TH GRADE,26,RURAL,3.0 - 5.9\%
39,654.0,2400,NO,WHITE,416,FEMALE,2,EMPLOYED,SOUTH,SEPARATED,12TH GRADE,24,URBAN,3.0 - 5.9\%
56,1250.0,0,NO,WHITE,111,MALE,3,EMPLOYED,SOUTH,MARRIED,4TH YR COL,25,URBAN,3.0 - 5.9\%
63,-4.0,0,NO,WHITE,-4,FEMALE,4,OUT OF LABOR FORCE,SOUTH,MARRIED,3RD YR COL,29,RURAL,3.0 - 5.9\%
30,-4.0,0,NO,WHITE,-4,FEMALE,5,OUT OF LABOR FORCE,SOUTH,MARRIED,12TH GRADE,31,URBAN,3.0 - 5.9\%
121,1201.0,0,NO,WHITE,181,FEMALE,1,EMPLOYED,WEST,NEVER MARRIED,1ST YR COL,27,URBAN,9.0 - 11.9\%
101,600.0,3240,NO,WHITE,12,FEMALE,1,EMPLOYED,WEST,SEPARATED,1ST YR COL,27,URBAN,9.0 - 11.9\%
107,930.0,0,NO,WHITE,225,FEMALE,3,EMPLOYED,WEST,MARRIED,12TH GRADE,29,URBAN,9.0 - 11.9\%
100,-4.0,0,NO,WHITE,-4,MALE,3,OUT OF LABOR FORCE,NORTH CENTRAL,NEVER MARRIED,12TH GRADE,28,URBAN,3.0 - 5.9\%
55,961.0,0,NO,WHITE,570,MALE,4,EMPLOYED,NORTH CENTRAL,MARRIED,4TH YR COL,29,RURAL,6.0 - 8.9\%
54,512.0,0,NO,WHITE,94,FEMALE,3,OUT OF LABOR FORCE,WEST,NEVER MARRIED,4TH YR COL,26,RURAL,6.0 - 8.9\%
113,800.0,0,NO,WHITE,274,MALE,4,EMPLOYED,NORTH CENTRAL,MARRIED,4TH YR COL,29,URBAN,6.0 - 8.9\%
143,637.0,0,NO,WHITE,119,FEMALE,3,EMPLOYED,NORTH CENTRAL,MARRIED,4TH YR COL,26,URBAN,3.0 - 5.9\%
106,-4.0,0,NO,WHITE,-4,FEMALE,3,OUT OF LABOR FORCE,SOUTH,MARRIED,12TH GRADE,28,RURAL,9.0 - 11.9\%
91,690.0,0,NO,WHITE,94,MALE,4,EMPLOYED,SOUTH,MARRIED,12TH GRADE,27,RURAL,9.0 - 11.9\%
79,890.0,0,NO,WHITE,17,MALE,4,UNEMPLOYED,SOUTH,MARRIED,12TH GRADE,28,RURAL,9.0 - 11.9\%
93,925.0,0,NO,WHITE,470,FEMALE,1,EMPLOYED,SOUTH,NEVER MARRIED,12TH GRADE,30,RURAL,9.0 - 11.9\%
97,865.0,0,NO,WHITE,436,MALE,2,EMPLOYED,SOUTH,MARRIED,12TH GRADE,28,RURAL,9.0 - 11.9\%
123,1265.0,0,NO,WHITE,47,FEMALE,3,OUT OF LABOR FORCE,SOUTH,MARRIED,4TH YR COL,28,URBAN,3.0 - 5.9\%
89,335.0,0,NO,WHITE,3,FEMALE,3,EMPLOYED,SOUTH,MARRIED,12TH GRADE,26,RURAL,9.0 - 11.9\%
95,504.0,1200,NO,WHITE,146,FEMALE,3,EMPLOYED,SOUTH,MARRIED,12TH GRADE,25,RURAL,9.0 - 11.9\%
99,835.0,0,NO,WHITE,44,MALE,4,EMPLOYED,SOUTH,MARRIED,12TH GRADE,27,RURAL,9.0 - 11.9\%
82,815.0,0,NO,WHITE,253,MALE,3,EMPLOYED,SOUTH,MARRIED,12TH GRADE,29,RURAL,9.0 - 11.9\%
90,1045.0,0,NO,WHITE,42,MALE,2,EMPLOYED,NORTHEAST,MARRIED,2ND YR COL,26,URBAN,6.0 - 8.9\%
70,-4.0,0,NO,WHITE,-4,FEMALE,2,OUT OF LABOR FORCE,SOUTH,DIVORCED,12TH GRADE,32,RURAL,9.0 - 11.9\%
122,345.0,0,NO,WHITE,85,FEMALE,1,EMPLOYED,SOUTH,NEVER MARRIED,12TH GRADE,27,RURAL,9.0 - 11.9\%
90,475.0,0,NO,WHITE,170,MALE,1,EMPLOYED,SOUTH,NEVER MARRIED,12TH GRADE,31,RURAL,9.0 - 11.9\%
90,697.0,0,NO,WHITE,107,FEMALE,3,EMPLOYED,SOUTH,MARRIED,12TH GRADE,29,URBAN,3.0 - 5.9\%
113,872.0,0,NO,WHITE,201,FEMALE,4,EMPLOYED,SOUTH,MARRIED,4TH YR COL,29,RURAL,9.0 - 11.9\%
135,1000.0,0,NO,WHITE,297,FEMALE,2,EMPLOYED,SOUTH,MARRIED,4TH YR COL,29,RURAL,9.0 - 11.9\%
118,214.0,0,NO,WHITE,1,MALE,1,EMPLOYED,SOUTH,NEVER MARRIED,12TH GRADE,27,RURAL,9.0 - 11.9\%
95,1048.0,0,NO,WHITE,171,MALE,2,EMPLOYED,SOUTH,MARRIED,4TH YR COL,27,RURAL,3.0 - 5.9\%
88,-4.0,0,NO,WHITE,-4,MALE,1,OUT OF LABOR FORCE,SOUTH,DIVORCED,12TH GRADE,25,RURAL,9.0 - 11.9\%
102,1298.0,0,NO,WHITE,3,MALE,4,EMPLOYED,SOUTH,MARRIED,2ND YR COL,31,URBAN,< 3.0\%
101,700.0,0,NO,WHITE,291,MALE,3,EMPLOYED,SOUTH,MARRIED,12TH GRADE,29,RURAL,9.0 - 11.9\%
115,607.0,0,NO,WHITE,87,FEMALE,3,EMPLOYED,SOUTH,NEVER MARRIED,6TH YR COL,25,RURAL,9.0 - 11.9\%
91,390.0,0,NO,WHITE,176,FEMALE,3,EMPLOYED,SOUTH,MARRIED,12TH GRADE,29,RURAL,9.0 - 11.9\%
90,450.0,0,NO,WHITE,109,FEMALE,3,EMPLOYED,SOUTH,NEVER MARRIED,2ND YR COL,25,RURAL,9.0 - 11.9\%
103,807.0,0,NO,WHITE,7,MALE,1,EMPLOYED,WEST,NEVER MARRIED,1ST YR COL,28,URBAN,3.0 - 5.9\%
126,1490.0,0,NO,WHITE,52,MALE,1,EMPLOYED,SOUTH,NEVER MARRIED,4TH YR COL,26,URBAN,< 3.0\%
103,-4.0,0,NO,WHITE,-4,FEMALE,3,OUT OF LABOR FORCE,SOUTH,MARRIED,12TH GRADE,31,RURAL,9.0 - 11.9\%
103,633.0,0,NO,WHITE,298,FEMALE,2,EMPLOYED,SOUTH,MARRIED,6TH YR COL,30,RURAL,9.0 - 11.9\%
112,998.0,0,NO,WHITE,371,MALE,1,EMPLOYED,SOUTH,NEVER MARRIED,4TH YR COL,29,URBAN,9.0 - 11.9\%
100,600.0,0,NO,WHITE,244,FEMALE,3,EMPLOYED,SOUTH,MARRIED,2ND YR COL,26,RURAL,9.0 - 11.9\%
72,-4.0,0,NO,WHITE,-4,FEMALE,4,OUT OF LABOR FORCE,SOUTH,MARRIED,8TH GRADE,25,URBAN,6.0 - 8.9\%
105,200.0,0,NO,WHITE,8,FEMALE,7,EMPLOYED,SOUTH,MARRIED,7TH GRADE,26,URBAN,6.0 - 8.9\%
80,350.0,0,NO,WHITE,121,MALE,8,EMPLOYED,SOUTH,MARRIED,8TH GRADE,31,URBAN,6.0 - 8.9\%
96,-4.0,0,NO,WHITE,-4,FEMALE,7,OUT OF LABOR FORCE,SOUTH,MARRIED,11TH GRADE,28,URBAN,6.0 - 8.9\%
95,961.0,0,NO,WHITE,71,MALE,4,EMPLOYED,NORTHEAST,MARRIED,12TH GRADE,32,URBAN,3.0 - 5.9\%
138,1730.0,0,NO,WHITE,47,FEMALE,1,EMPLOYED,NORTHEAST,NEVER MARRIED,4TH YR COL,28,URBAN,3.0 - 5.9\%
137,1923.0,0,NO,WHITE,226,MALE,2,EMPLOYED,NORTHEAST,MARRIED,6TH YR COL,26,URBAN,3.0 - 5.9\%
96,1709.0,0,NO,WHITE,609,MALE,3,EMPLOYED,NORTHEAST,MARRIED,4TH YR COL,31,URBAN,3.0 - 5.9\%
48,1477.0,0,NO,WHITE,264,MALE,3,EMPLOYED,NORTHEAST,DIVORCED,3RD YR COL,28,URBAN,3.0 - 5.9\%
51,1410.0,0,NO,WHITE,114,MALE,1,UNEMPLOYED,NORTHEAST,NEVER MARRIED,4TH YR COL,25,URBAN,3.0 - 5.9\%
101,2307.0,0,NO,WHITE,265,MALE,4,EMPLOYED,NORTHEAST,MARRIED,12TH GRADE,28,URBAN,3.0 - 5.9\%
48,1121.0,0,NO,WHITE,16,MALE,2,EMPLOYED,NORTHEAST,MARRIED,1ST YR COL,25,URBAN,3.0 - 5.9\%
106,1121.0,0,NO,WHITE,305,FEMALE,2,EMPLOYED,NORTHEAST,MARRIED,4TH YR COL,27,URBAN,3.0 - 5.9\%
102,-4.0,0,NO,WHITE,-4,MALE,4,UNEMPLOYED,NORTHEAST,NEVER MARRIED,4TH YR COL,24,URBAN,3.0 - 5.9\%
68,2019.0,0,NO,WHITE,260,MALE,5,EMPLOYED,NORTHEAST,NEVER MARRIED,4TH YR COL,26,URBAN,3.0 - 5.9\%
113,409.0,0,NO,WHITE,431,FEMALE,2,EMPLOYED,NORTHEAST,NEVER MARRIED,1ST YR COL,27,RURAL,3.0 - 5.9\%
125,1634.0,0,NO,WHITE,98,FEMALE,1,EMPLOYED,NORTHEAST,NEVER MARRIED,4TH YR COL,25,URBAN,3.0 - 5.9\%
113,791.0,0,NO,WHITE,46,MALE,1,EMPLOYED,NORTHEAST,NEVER MARRIED,1ST YR COL,27,URBAN,3.0 - 5.9\%
110,366.0,0,NO,WHITE,96,FEMALE,5,EMPLOYED,NORTHEAST,MARRIED,4TH YR COL,32,URBAN,3.0 - 5.9\%
105,850.0,0,NO,WHITE,102,FEMALE,4,EMPLOYED,NORTHEAST,MARRIED,4TH YR COL,30,URBAN,3.0 - 5.9\%
88,1442.0,0,NO,WHITE,248,MALE,3,EMPLOYED,NORTHEAST,MARRIED,10TH GRADE,26,URBAN,< 3.0\%
118,1958.0,0,NO,WHITE,362,FEMALE,1,EMPLOYED,NORTHEAST,NEVER MARRIED,4TH YR COL,29,URBAN,3.0 - 5.9\%
108,-4.0,0,NO,WHITE,21,MALE,1,EMPLOYED,WEST,NEVER MARRIED,4TH YR COL,27,URBAN,3.0 - 5.9\%
108,1200.0,0,NO,WHITE,32,MALE,1,EMPLOYED,WEST,NEVER MARRIED,4TH YR COL,26,URBAN,3.0 - 5.9\%
106,937.0,0,NO,WHITE,42,MALE,3,EMPLOYED,NORTHEAST,NEVER MARRIED,4TH YR COL,24,URBAN,3.0 - 5.9\%
136,913.0,0,NO,WHITE,10,FEMALE,1,EMPLOYED,NORTHEAST,NEVER MARRIED,8TH YR COL OR MORE,26,URBAN,3.0 - 5.9\%
112,1025.0,0,NO,WHITE,42,FEMALE,4,EMPLOYED,NORTH CENTRAL,MARRIED,7TH YR COL,31,URBAN,3.0 - 5.9\%
101,1349.0,0,NO,WHITE,78,MALE,2,EMPLOYED,NORTHEAST,MARRIED,4TH YR COL,27,URBAN,3.0 - 5.9\%
117,1250.0,0,NO,WHITE,24,MALE,3,EMPLOYED,NORTHEAST,NEVER MARRIED,2ND YR COL,26,RURAL,3.0 - 5.9\%
114,1090.0,0,NO,WHITE,384,FEMALE,2,EMPLOYED,NORTHEAST,MARRIED,4TH YR COL,28,URBAN,3.0 - 5.9\%
103,1201.0,0,NO,WHITE,55,FEMALE,3,EMPLOYED,NORTHEAST,NEVER MARRIED,12TH GRADE,27,URBAN,3.0 - 5.9\%
100,1100.0,0,NO,WHITE,73,FEMALE,3,EMPLOYED,NORTHEAST,NEVER MARRIED,4TH YR COL,26,URBAN,3.0 - 5.9\%
105,-4.0,0,NO,WHITE,295,MALE,2,EMPLOYED,NORTHEAST,MARRIED,2ND YR COL,30,URBAN,3.0 - 5.9\%
112,1634.0,0,NO,WHITE,19,MALE,2,EMPLOYED,NORTHEAST,MARRIED,4TH YR COL,28,URBAN,3.0 - 5.9\%
113,-4.0,0,NO,WHITE,204,MALE,3,EMPLOYED,NORTHEAST,MARRIED,6TH YR COL,30,URBAN,3.0 - 5.9\%
102,706.0,0,NO,WHITE,61,MALE,1,EMPLOYED,NORTHEAST,NEVER MARRIED,4TH YR COL,24,URBAN,3.0 - 5.9\%
82,570.0,3900,NO,WHITE,28,FEMALE,4,EMPLOYED,NORTHEAST,MARRIED,12TH GRADE,31,URBAN,3.0 - 5.9\%
92,1410.0,0,NO,WHITE,60,MALE,1,EMPLOYED,NORTHEAST,NEVER MARRIED,4TH YR COL,32,URBAN,3.0 - 5.9\%
103,1015.0,0,NO,WHITE,180,FEMALE,2,OUT OF LABOR FORCE,NORTHEAST,MARRIED,12TH GRADE,28,URBAN,3.0 - 5.9\%
104,1661.0,0,NO,WHITE,39,MALE,7,EMPLOYED,NORTHEAST,NEVER MARRIED,1ST YR COL,28,URBAN,3.0 - 5.9\%
117,500.0,0,NO,WHITE,65,FEMALE,4,EMPLOYED,NORTH CENTRAL,MARRIED,12TH GRADE,30,URBAN,3.0 - 5.9\%
108,-4.0,0,NO,WHITE,45,FEMALE,3,EMPLOYED,NORTHEAST,MARRIED,12TH GRADE,30,URBAN,3.0 - 5.9\%
86,450.0,0,NO,WHITE,259,FEMALE,4,OUT OF LABOR FORCE,NORTHEAST,MARRIED,12TH GRADE,27,URBAN,3.0 - 5.9\%
113,769.0,0,NO,WHITE,150,FEMALE,3,EMPLOYED,SOUTH,MARRIED,12TH GRADE,25,RURAL,6.0 - 8.9\%
106,550.0,0,NO,WHITE,260,MALE,2,EMPLOYED,NORTHEAST,MARRIED,12TH GRADE,24,URBAN,3.0 - 5.9\%
104,1280.0,0,NO,WHITE,25,MALE,2,EMPLOYED,SOUTH,MARRIED,2ND YR COL,30,URBAN,3.0 - 5.9\%
127,1923.0,0,NO,WHITE,378,MALE,2,EMPLOYED,NORTHEAST,MARRIED,4TH YR COL,29,RURAL,3.0 - 5.9\%
122,989.0,0,NO,WHITE,155,FEMALE,1,EMPLOYED,NORTHEAST,NEVER MARRIED,4TH YR COL,27,URBAN,3.0 - 5.9\%
92,800.0,0,NO,WHITE,61,MALE,3,EMPLOYED,SOUTH,MARRIED,11TH GRADE,28,URBAN,9.0 - 11.9\%
138,641.0,0,NO,WHITE,52,MALE,1,EMPLOYED,NORTHEAST,NEVER MARRIED,3RD YR COL,30,URBAN,3.0 - 5.9\%
108,1330.0,0,NO,WHITE,141,FEMALE,1,EMPLOYED,SOUTH,NEVER MARRIED,12TH GRADE,28,URBAN,< 3.0\%
99,930.0,0,NO,WHITE,170,FEMALE,1,EMPLOYED,NORTHEAST,NEVER MARRIED,2ND YR COL,25,RURAL,3.0 - 5.9\%
97,-4.0,0,NO,WHITE,-4,FEMALE,4,OUT OF LABOR FORCE,NORTHEAST,MARRIED,12TH GRADE,32,URBAN,3.0 - 5.9\%
102,-4.0,0,NO,WHITE,-4,FEMALE,2,OUT OF LABOR FORCE,NORTHEAST,MARRIED,12TH GRADE,30,URBAN,3.0 - 5.9\%
109,-4.0,0,NO,WHITE,-4,FEMALE,4,OUT OF LABOR FORCE,NORTH CENTRAL,MARRIED,1ST YR COL,30,URBAN,6.0 - 8.9\%
106,1201.0,0,NO,WHITE,112,MALE,3,EMPLOYED,SOUTH,MARRIED,4TH YR COL,26,URBAN,< 3.0\%
108,1380.0,0,NO,WHITE,566,FEMALE,5,EMPLOYED,NORTHEAST,MARRIED,12TH GRADE,29,URBAN,3.0 - 5.9\%
102,985.0,0,NO,WHITE,146,FEMALE,1,EMPLOYED,NORTHEAST,NEVER MARRIED,4TH YR COL,26,URBAN,3.0 - 5.9\%
76,1490.0,0,NO,WHITE,606,MALE,4,EMPLOYED,NORTHEAST,MARRIED,12TH GRADE,31,URBAN,3.0 - 5.9\%
110,6000.0,2400,NO,WHITE,48,FEMALE,5,OUT OF LABOR FORCE,WEST,MARRIED,12TH GRADE,27,URBAN,3.0 - 5.9\%
40,1547.0,0,NO,WHITE,105,FEMALE,1,EMPLOYED,NORTHEAST,NEVER MARRIED,2ND YR COL,29,URBAN,3.0 - 5.9\%
39,1000.0,0,NO,WHITE,278,FEMALE,2,EMPLOYED,NORTHEAST,MARRIED,12TH GRADE,25,URBAN,3.0 - 5.9\%
73,537.0,0,NO,WHITE,14,FEMALE,4,EMPLOYED,NORTHEAST,NEVER MARRIED,11TH GRADE,30,URBAN,3.0 - 5.9\%
94,750.0,0,NO,WHITE,76,FEMALE,4,EMPLOYED,NORTHEAST,NEVER MARRIED,12TH GRADE,27,URBAN,3.0 - 5.9\%
108,100.0,0,NO,WHITE,68,FEMALE,4,EMPLOYED,NORTH CENTRAL,MARRIED,12TH GRADE,29,URBAN,3.0 - 5.9\%
121,1090.0,0,NO,WHITE,137,FEMALE,3,EMPLOYED,NORTHEAST,MARRIED,12TH GRADE,27,URBAN,3.0 - 5.9\%
111,650.0,0,NO,WHITE,419,MALE,5,EMPLOYED,NORTHEAST,MARRIED,12TH GRADE,27,URBAN,3.0 - 5.9\%
92,806.0,0,NO,WHITE,562,MALE,4,EMPLOYED,NORTHEAST,MARRIED,12TH GRADE,29,URBAN,3.0 - 5.9\%
78,488.0,0,NO,WHITE,275,MALE,2,EMPLOYED,NORTHEAST,MARRIED,12TH GRADE,27,URBAN,3.0 - 5.9\%
106,818.0,0,NO,WHITE,47,MALE,3,EMPLOYED,NORTHEAST,MARRIED,12TH GRADE,28,URBAN,3.0 - 5.9\%
91,410.0,0,NO,WHITE,124,FEMALE,2,EMPLOYED,NORTHEAST,MARRIED,12TH GRADE,26,URBAN,3.0 - 5.9\%
59,1510.0,0,NO,WHITE,21,MALE,3,EMPLOYED,NORTHEAST,NEVER MARRIED,8TH YR COL OR MORE,30,URBAN,3.0 - 5.9\%
65,-4.0,0,NO,WHITE,219,FEMALE,2,EMPLOYED,NORTHEAST,MARRIED,4TH YR COL,28,URBAN,3.0 - 5.9\%
24,673.0,0,NO,WHITE,390,FEMALE,3,EMPLOYED,NORTHEAST,NEVER MARRIED,12TH GRADE,30,URBAN,3.0 - 5.9\%
34,400.0,0,NO,WHITE,149,FEMALE,4,EMPLOYED,NORTHEAST,MARRIED,12TH GRADE,27,URBAN,3.0 - 5.9\%
52,1200.0,0,NO,WHITE,603,MALE,2,EMPLOYED,NORTHEAST,NEVER MARRIED,1ST YR COL,30,URBAN,3.0 - 5.9\%
128,3500.0,0,NO,WHITE,147,FEMALE,3,EMPLOYED,NORTHEAST,MARRIED,4TH YR COL,30,URBAN,3.0 - 5.9\%
100,-4.0,0,NO,WHITE,-4,FEMALE,3,OUT OF LABOR FORCE,NORTHEAST,MARRIED,1ST YR COL,25,URBAN,3.0 - 5.9\%
112,961.0,0,NO,WHITE,207,MALE,3,EMPLOYED,NORTHEAST,MARRIED,12TH GRADE,29,RURAL,3.0 - 5.9\%
104,871.0,0,NO,WHITE,226,MALE,1,EMPLOYED,NORTHEAST,NEVER MARRIED,12TH GRADE,30,RURAL,3.0 - 5.9\%
105,600.0,0,NO,WHITE,3,FEMALE,4,EMPLOYED,NORTHEAST,MARRIED,12TH GRADE,32,URBAN,3.0 - 5.9\%
83,680.0,0,NO,WHITE,20,FEMALE,2,EMPLOYED,NORTHEAST,SEPARATED,12TH GRADE,27,RURAL,3.0 - 5.9\%
86,833.0,0,NO,WHITE,66,MALE,2,EMPLOYED,NORTHEAST,MARRIED,8TH GRADE,30,URBAN,3.0 - 5.9\%
84,750.0,0,NO,WHITE,22,MALE,1,EMPLOYED,NORTHEAST,DIVORCED,12TH GRADE,29,RURAL,3.0 - 5.9\%
106,881.0,0,NO,WHITE,610,MALE,3,EMPLOYED,NORTHEAST,MARRIED,12TH GRADE,31,URBAN,3.0 - 5.9\%
106,803.0,0,NO,WHITE,421,FEMALE,1,EMPLOYED,NORTHEAST,NEVER MARRIED,12TH GRADE,27,URBAN,3.0 - 5.9\%
93,950.0,0,NO,WHITE,189,MALE,1,UNEMPLOYED,NORTHEAST,NEVER MARRIED,12TH GRADE,27,URBAN,3.0 - 5.9\%
104,583.0,0,NO,WHITE,40,MALE,3,EMPLOYED,NORTHEAST,MARRIED,12TH GRADE,26,URBAN,3.0 - 5.9\%
108,905.0,0,NO,WHITE,504,MALE,1,EMPLOYED,NORTHEAST,NEVER MARRIED,12TH GRADE,31,URBAN,3.0 - 5.9\%
104,568.0,0,NO,WHITE,58,MALE,1,EMPLOYED,SOUTH,NEVER MARRIED,4TH YR COL,27,URBAN,3.0 - 5.9\%
114,416.0,0,NO,WHITE,27,FEMALE,3,EMPLOYED,SOUTH,NEVER MARRIED,12TH GRADE,25,URBAN,3.0 - 5.9\%
115,80004.0,0,NO,BLACK,99,MALE,1,EMPLOYED,NORTHEAST,NEVER MARRIED,5TH YR COL,27,URBAN,3.0 - 5.9\%
110,425.0,0,NO,WHITE,415,FEMALE,1,EMPLOYED,NORTHEAST,NEVER MARRIED,12TH GRADE,24,URBAN,3.0 - 5.9\%
107,1000.0,0,NO,OTHER,16,MALE,2,EMPLOYED,NORTHEAST,MARRIED,1ST YR COL,28,URBAN,< 3.0\%
104,1201.0,0,NO,WHITE,33,FEMALE,3,OUT OF LABOR FORCE,NORTH CENTRAL,MARRIED,3RD YR COL,29,URBAN,6.0 - 8.9\%
142,1169.0,0,NO,WHITE,80,MALE,1,EMPLOYED,NORTH CENTRAL,NEVER MARRIED,4TH YR COL,25,URBAN,3.0 - 5.9\%
145,-4.0,0,NO,WHITE,-4,FEMALE,4,OUT OF LABOR FORCE,NORTHEAST,MARRIED,7TH YR COL,32,URBAN,3.0 - 5.9\%
133,-4.0,0,NO,WHITE,-4,FEMALE,5,OUT OF LABOR FORCE,SOUTH,MARRIED,4TH YR COL,32,URBAN,3.0 - 5.9\%
94,780.0,0,NO,WHITE,160,FEMALE,2,EMPLOYED,NORTH CENTRAL,MARRIED,12TH GRADE,25,URBAN,3.0 - 5.9\%
99,811.0,0,NO,WHITE,406,FEMALE,5,EMPLOYED,NORTH CENTRAL,MARRIED,12TH GRADE,29,URBAN,3.0 - 5.9\%
108,-4.0,0,NO,WHITE,270,FEMALE,2,EMPLOYED,NORTH CENTRAL,MARRIED,12TH GRADE,28,URBAN,3.0 - 5.9\%
115,975.0,0,NO,WHITE,48,FEMALE,2,EMPLOYED,SOUTH,MARRIED,4TH YR COL,28,URBAN,3.0 - 5.9\%
118,1448.0,0,NO,WHITE,247,MALE,2,EMPLOYED,NORTH CENTRAL,MARRIED,2ND YR COL,26,URBAN,3.0 - 5.9\%
91,410.0,0,NO,WHITE,434,FEMALE,3,EMPLOYED,NORTH CENTRAL,NEVER MARRIED,12TH GRADE,27,URBAN,3.0 - 5.9\%
116,600.0,0,NO,WHITE,499,FEMALE,6,OUT OF LABOR FORCE,NORTH CENTRAL,MARRIED,12TH GRADE,28,URBAN,3.0 - 5.9\%
112,1502.0,0,NO,WHITE,67,MALE,2,EMPLOYED,NORTH CENTRAL,MARRIED,1ST YR COL,27,URBAN,3.0 - 5.9\%
112,375.0,0,NO,WHITE,38,FEMALE,3,OUT OF LABOR FORCE,NORTH CENTRAL,MARRIED,12TH GRADE,27,URBAN,3.0 - 5.9\%
103,1174.0,0,NO,WHITE,385,MALE,5,EMPLOYED,NORTH CENTRAL,MARRIED,12TH GRADE,28,URBAN,3.0 - 5.9\%
123,1051.0,0,NO,WHITE,64,FEMALE,1,EMPLOYED,NORTH CENTRAL,NEVER MARRIED,4TH YR COL,27,RURAL,6.0 - 8.9\%
115,867.0,0,NO,WHITE,305,FEMALE,1,EMPLOYED,NORTH CENTRAL,NEVER MARRIED,12TH GRADE,25,URBAN,3.0 - 5.9\%
58,-4.0,0,NO,WHITE,-4,FEMALE,3,OUT OF LABOR FORCE,NORTH CENTRAL,MARRIED,1ST YR COL,25,URBAN,3.0 - 5.9\%
36,335.0,0,NO,WHITE,18,FEMALE,2,EMPLOYED,NORTH CENTRAL,MARRIED,1ST YR COL,29,URBAN,3.0 - 5.9\%
102,430.0,6200,YES,WHITE,27,FEMALE,2,EMPLOYED,NORTH CENTRAL,DIVORCED,12TH GRADE,31,URBAN,3.0 - 5.9\%
102,1100.0,0,NO,WHITE,540,FEMALE,4,EMPLOYED,NORTH CENTRAL,MARRIED,12TH GRADE,29,URBAN,3.0 - 5.9\%
15,500.0,0,NO,WHITE,6,MALE,6,UNEMPLOYED,NORTH CENTRAL,MARRIED,12TH GRADE,26,RURAL,6.0 - 8.9\%
108,285.0,0,NO,WHITE,3,FEMALE,2,EMPLOYED,NORTH CENTRAL,NEVER MARRIED,2ND YR COL,28,URBAN,3.0 - 5.9\%
25,500.0,0,YES,OTHER,3,FEMALE,4,EMPLOYED,NORTH CENTRAL,SEPARATED,12TH GRADE,29,URBAN,3.0 - 5.9\%
33,825.0,0,YES,OTHER,76,MALE,2,EMPLOYED,NORTH CENTRAL,SEPARATED,12TH GRADE,32,URBAN,3.0 - 5.9\%
115,576.0,0,NO,WHITE,143,FEMALE,4,EMPLOYED,WEST,MARRIED,12TH GRADE,29,URBAN,3.0 - 5.9\%
97,1250.0,0,NO,WHITE,228,MALE,2,EMPLOYED,WEST,MARRIED,1ST YR COL,32,URBAN,3.0 - 5.9\%
120,3605.0,0,NO,WHITE,234,MALE,5,EMPLOYED,SOUTH,MARRIED,4TH YR COL,30,URBAN,3.0 - 5.9\%
127,1533.0,0,NO,WHITE,162,MALE,1,EMPLOYED,NORTH CENTRAL,NEVER MARRIED,12TH GRADE,28,URBAN,3.0 - 5.9\%
111,-4.0,0,NO,WHITE,3,MALE,3,EMPLOYED,NORTH CENTRAL,MARRIED,4TH YR COL,27,URBAN,3.0 - 5.9\%
37,1282.0,0,YES,WHITE,61,MALE,5,EMPLOYED,NORTH CENTRAL,MARRIED,12TH GRADE,32,URBAN,3.0 - 5.9\%
33,-4.0,0,YES,WHITE,-4,FEMALE,5,OUT OF LABOR FORCE,NORTH CENTRAL,MARRIED,12TH GRADE,30,URBAN,3.0 - 5.9\%
41,550.0,0,NO,WHITE,14,FEMALE,4,EMPLOYED,WEST,MARRIED,1ST YR COL,25,URBAN,6.0 - 8.9\%
36,420.0,0,NO,WHITE,55,MALE,1,EMPLOYED,NORTH CENTRAL,SEPARATED,12TH GRADE,28,URBAN,3.0 - 5.9\%
54,938.0,0,NO,WHITE,185,FEMALE,4,EMPLOYED,NORTH CENTRAL,MARRIED,10TH GRADE,28,URBAN,3.0 - 5.9\%
50,-4.0,0,YES,OTHER,-4,FEMALE,6,OUT OF LABOR FORCE,NORTH CENTRAL,MARRIED,12TH GRADE,30,URBAN,6.0 - 8.9\%
129,1075.0,0,NO,WHITE,314,MALE,3,EMPLOYED,NORTH CENTRAL,NEVER MARRIED,12TH GRADE,25,URBAN,3.0 - 5.9\%
116,57692.0,0,NO,WHITE,516,FEMALE,2,EMPLOYED,NORTH CENTRAL,MARRIED,12TH GRADE,30,URBAN,3.0 - 5.9\%
47,1325.0,0,NO,WHITE,503,FEMALE,1,EMPLOYED,NORTH CENTRAL,NEVER MARRIED,12TH GRADE,28,URBAN,3.0 - 5.9\%
35,440.0,0,NO,WHITE,15,FEMALE,3,EMPLOYED,NORTH CENTRAL,NEVER MARRIED,12TH GRADE,27,URBAN,3.0 - 5.9\%
92,450.0,0,NO,WHITE,8,FEMALE,2,EMPLOYED,NORTH CENTRAL,NEVER MARRIED,12TH GRADE,26,URBAN,3.0 - 5.9\%
53,1453.0,0,NO,BLACK,425,MALE,3,EMPLOYED,NORTH CENTRAL,MARRIED,4TH YR COL,27,URBAN,3.0 - 5.9\%
110,875.0,2000,NO,WHITE,128,FEMALE,2,EMPLOYED,NORTH CENTRAL,DIVORCED,1ST YR COL,28,URBAN,3.0 - 5.9\%
59,2000.0,0,NO,WHITE,1,MALE,1,EMPLOYED,NORTH CENTRAL,NEVER MARRIED,4TH YR COL,28,URBAN,3.0 - 5.9\%
17,33.0,0,NO,WHITE,59,FEMALE,5,EMPLOYED,NORTH CENTRAL,NEVER MARRIED,12TH GRADE,30,URBAN,3.0 - 5.9\%
53,700.0,0,NO,WHITE,472,MALE,5,EMPLOYED,NORTH CENTRAL,NEVER MARRIED,12TH GRADE,26,URBAN,3.0 - 5.9\%
119,850.0,0,NO,WHITE,426,MALE,5,EMPLOYED,NORTH CENTRAL,DIVORCED,12TH GRADE,25,URBAN,3.0 - 5.9\%
116,720.0,0,NO,WHITE,143,FEMALE,2,EMPLOYED,NORTH CENTRAL,MARRIED,12TH GRADE,27,URBAN,3.0 - 5.9\%
44,161.0,1200,NO,WHITE,7,FEMALE,1,EMPLOYED,NORTH CENTRAL,DIVORCED,12TH GRADE,25,URBAN,3.0 - 5.9\%
38,1142.0,0,NO,WHITE,5,MALE,5,EMPLOYED,NORTH CENTRAL,NEVER MARRIED,12TH GRADE,25,RURAL,6.0 - 8.9\%
33,883.0,0,NO,WHITE,562,MALE,3,EMPLOYED,NORTH CENTRAL,MARRIED,12TH GRADE,27,URBAN,3.0 - 5.9\%
24,657.0,0,NO,WHITE,5,MALE,1,EMPLOYED,NORTH CENTRAL,NEVER MARRIED,11TH GRADE,26,RURAL,6.0 - 8.9\%
44,1068.0,0,NO,WHITE,296,MALE,4,EMPLOYED,NORTH CENTRAL,MARRIED,12TH GRADE,25,URBAN,3.0 - 5.9\%
116,465.0,0,NO,WHITE,120,FEMALE,3,EMPLOYED,WEST,MARRIED,12TH GRADE,25,URBAN,3.0 - 5.9\%
116,1009.0,0,NO,WHITE,121,MALE,1,EMPLOYED,NORTH CENTRAL,NEVER MARRIED,4TH YR COL,26,URBAN,3.0 - 5.9\%
55,1083.0,0,NO,WHITE,232,MALE,3,EMPLOYED,SOUTH,MARRIED,6TH YR COL,29,URBAN,3.0 - 5.9\%
117,1555.0,0,NO,WHITE,205,MALE,1,EMPLOYED,NORTH CENTRAL,NEVER MARRIED,4TH YR COL,25,URBAN,3.0 - 5.9\%
121,1582.0,0,NO,WHITE,56,MALE,1,EMPLOYED,NORTH CENTRAL,DIVORCED,4TH YR COL,27,URBAN,3.0 - 5.9\%
90,400.0,0,NO,WHITE,5,FEMALE,4,EMPLOYED,NORTH CENTRAL,MARRIED,12TH GRADE,26,RURAL,3.0 - 5.9\%
113,3044.0,0,NO,WHITE,107,MALE,5,EMPLOYED,NORTH CENTRAL,MARRIED,8TH YR COL OR MORE,31,URBAN,3.0 - 5.9\%
97,1461.0,0,NO,WHITE,79,FEMALE,1,EMPLOYED,NORTH CENTRAL,NEVER MARRIED,4TH YR COL,30,URBAN,3.0 - 5.9\%
102,1442.0,0,NO,WHITE,23,FEMALE,2,EMPLOYED,NORTH CENTRAL,MARRIED,4TH YR COL,28,URBAN,3.0 - 5.9\%
136,1113.0,0,NO,WHITE,46,MALE,2,EMPLOYED,NORTH CENTRAL,NEVER MARRIED,4TH YR COL,25,URBAN,3.0 - 5.9\%
110,1098.0,0,NO,WHITE,199,FEMALE,3,EMPLOYED,NORTH CENTRAL,NEVER MARRIED,5TH YR COL,31,URBAN,3.0 - 5.9\%
106,631.0,0,NO,WHITE,200,MALE,3,EMPLOYED,NORTH CENTRAL,MARRIED,6TH YR COL,27,URBAN,< 3.0\%
122,2384.0,0,NO,WHITE,297,MALE,1,EMPLOYED,SOUTH,NEVER MARRIED,4TH YR COL,29,URBAN,3.0 - 5.9\%
115,1201.0,0,NO,WHITE,601,MALE,2,EMPLOYED,SOUTH,DIVORCED,12TH GRADE,30,URBAN,3.0 - 5.9\%
87,778.0,0,NO,BLACK,76,MALE,4,EMPLOYED,SOUTH,NEVER MARRIED,1ST YR COL,31,URBAN,3.0 - 5.9\%
22,475.0,0,NO,WHITE,55,FEMALE,6,OUT OF LABOR FORCE,SOUTH,MARRIED,10TH GRADE,25,URBAN,3.0 - 5.9\%
130,1291.0,0,NO,WHITE,85,MALE,1,EMPLOYED,SOUTH,NEVER MARRIED,6TH YR COL,26,URBAN,3.0 - 5.9\%
111,909.0,0,NO,WHITE,256,FEMALE,4,EMPLOYED,SOUTH,MARRIED,1ST YR COL,31,URBAN,3.0 - 5.9\%
94,-4.0,0,NO,WHITE,100,FEMALE,2,EMPLOYED,NORTH CENTRAL,MARRIED,12TH GRADE,29,RURAL,6.0 - 8.9\%
88,410.0,0,NO,WHITE,9,FEMALE,2,UNEMPLOYED,SOUTH,MARRIED,12TH GRADE,27,RURAL,3.0 - 5.9\%
99,-4.0,0,NO,WHITE,22,FEMALE,2,EMPLOYED,SOUTH,NEVER MARRIED,12TH GRADE,27,URBAN,3.0 - 5.9\%
93,-4.0,0,YES,WHITE,-4,MALE,8,OUT OF LABOR FORCE,SOUTH,MARRIED,10TH GRADE,29,RURAL,3.0 - 5.9\%
93,-4.0,0,NO,WHITE,-4,FEMALE,2,OUT OF LABOR FORCE,SOUTH,MARRIED,12TH GRADE,24,RURAL,9.0 - 11.9\%
101,981.0,5200,NO,WHITE,482,FEMALE,5,EMPLOYED,SOUTH,MARRIED,5TH YR COL,31,RURAL,3.0 - 5.9\%
91,-4.0,0,NO,WHITE,-4,FEMALE,3,OUT OF LABOR FORCE,SOUTH,MARRIED,12TH GRADE,25,RURAL,3.0 - 5.9\%
106,860.0,0,NO,WHITE,124,MALE,5,EMPLOYED,SOUTH,MARRIED,4TH YR COL,32,RURAL,6.0 - 8.9\%
108,1648.0,0,NO,WHITE,56,MALE,3,EMPLOYED,SOUTH,MARRIED,4TH YR COL,27,URBAN,3.0 - 5.9\%
108,1500.0,0,NO,WHITE,565,MALE,4,EMPLOYED,SOUTH,MARRIED,12TH GRADE,30,RURAL,6.0 - 8.9\%
94,855.0,0,NO,WHITE,610,FEMALE,4,EMPLOYED,SOUTH,MARRIED,12TH GRADE,30,URBAN,3.0 - 5.9\%
116,796.0,0,NO,WHITE,70,MALE,3,EMPLOYED,SOUTH,NEVER MARRIED,4TH YR COL,26,URBAN,3.0 - 5.9\%
110,480.0,0,NO,WHITE,250,FEMALE,2,OUT OF LABOR FORCE,SOUTH,MARRIED,4TH YR COL,27,URBAN,3.0 - 5.9\%
141,810.0,0,NO,WHITE,38,FEMALE,2,OUT OF LABOR FORCE,SOUTH,MARRIED,2ND YR COL,25,URBAN,6.0 - 8.9\%
101,225.0,0,YES,WHITE,60,FEMALE,4,OUT OF LABOR FORCE,SOUTH,DIVORCED,12TH GRADE,27,RURAL,3.0 - 5.9\%
73,750.0,0,NO,WHITE,16,MALE,4,EMPLOYED,SOUTH,MARRIED,11TH GRADE,25,URBAN,3.0 - 5.9\%
78,500.0,0,NO,WHITE,57,MALE,4,EMPLOYED,SOUTH,NEVER MARRIED,12TH GRADE,28,URBAN,3.0 - 5.9\%
75,525.0,0,NO,WHITE,14,FEMALE,2,EMPLOYED,SOUTH,MARRIED,12TH GRADE,31,URBAN,3.0 - 5.9\%
132,1373.0,0,NO,WHITE,273,MALE,3,EMPLOYED,NORTHEAST,MARRIED,5TH YR COL,31,URBAN,3.0 - 5.9\%
85,400.0,0,NO,WHITE,5,FEMALE,5,EMPLOYED,SOUTH,MARRIED,12TH GRADE,26,RURAL,3.0 - 5.9\%
99,540.0,0,NO,BLACK,15,MALE,3,EMPLOYED,SOUTH,MARRIED,12TH GRADE,27,URBAN,3.0 - 5.9\%
97,598.0,0,NO,WHITE,15,FEMALE,3,EMPLOYED,SOUTH,MARRIED,12TH GRADE,27,RURAL,3.0 - 5.9\%
105,1000.0,0,NO,WHITE,12,MALE,3,EMPLOYED,SOUTH,NEVER MARRIED,12TH GRADE,25,URBAN,3.0 - 5.9\%
31,-4.0,0,NO,WHITE,-4,FEMALE,3,OUT OF LABOR FORCE,SOUTH,MARRIED,7TH GRADE,27,URBAN,6.0 - 8.9\%
89,692.0,0,NO,WHITE,182,FEMALE,4,EMPLOYED,SOUTH,MARRIED,11TH GRADE,30,URBAN,6.0 - 8.9\%
80,925.0,0,NO,BLACK,63,FEMALE,1,EMPLOYED,SOUTH,NEVER MARRIED,3RD YR COL,29,URBAN,6.0 - 8.9\%
73,833.0,0,NO,BLACK,6,MALE,1,EMPLOYED,SOUTH,DIVORCED,9TH GRADE,28,URBAN,6.0 - 8.9\%
85,625.0,0,NO,BLACK,51,FEMALE,3,EMPLOYED,SOUTH,NEVER MARRIED,5TH YR COL,27,URBAN,6.0 - 8.9\%
104,550.0,0,NO,WHITE,35,MALE,1,EMPLOYED,NORTH CENTRAL,DIVORCED,8TH GRADE,30,URBAN,3.0 - 5.9\%
108,1000.0,0,NO,WHITE,92,MALE,4,EMPLOYED,SOUTH,MARRIED,12TH GRADE,29,URBAN,6.0 - 8.9\%
103,854.0,0,NO,WHITE,459,MALE,4,EMPLOYED,SOUTH,MARRIED,12TH GRADE,30,URBAN,6.0 - 8.9\%
69,333.0,0,NO,BLACK,11,MALE,2,EMPLOYED,SOUTH,NEVER MARRIED,12TH GRADE,25,URBAN,6.0 - 8.9\%
30,675.0,0,NO,WHITE,381,MALE,2,EMPLOYED,WEST,MARRIED,12TH GRADE,31,URBAN,3.0 - 5.9\%
104,1377.0,0,NO,WHITE,269,MALE,2,EMPLOYED,WEST,MARRIED,12TH GRADE,31,URBAN,3.0 - 5.9\%
6,348.0,0,NO,WHITE,91,FEMALE,3,EMPLOYED,WEST,MARRIED,1ST YR COL,29,URBAN,3.0 - 5.9\%
131,961.0,0,NO,WHITE,192,MALE,3,EMPLOYED,WEST,MARRIED,4TH YR COL,31,URBAN,3.0 - 5.9\%
113,-4.0,0,NO,WHITE,200,FEMALE,1,EMPLOYED,WEST,NEVER MARRIED,7TH YR COL,30,URBAN,3.0 - 5.9\%
113,1527.0,0,NO,WHITE,22,FEMALE,1,EMPLOYED,SOUTH,NEVER MARRIED,4TH YR COL,31,URBAN,3.0 - 5.9\%
88,6562.0,0,NO,WHITE,429,MALE,1,EMPLOYED,WEST,NEVER MARRIED,1ST YR COL,31,URBAN,3.0 - 5.9\%
100,641.0,0,NO,WHITE,123,MALE,4,EMPLOYED,WEST,MARRIED,2ND YR COL,30,URBAN,9.0 - 11.9\%
89,607.0,0,NO,WHITE,50,MALE,1,EMPLOYED,WEST,NEVER MARRIED,1ST YR COL,31,URBAN,3.0 - 5.9\%
101,500.0,0,NO,WHITE,141,MALE,3,EMPLOYED,NORTH CENTRAL,MARRIED,12TH GRADE,28,RURAL,6.0 - 8.9\%
99,140.0,0,NO,WHITE,3,FEMALE,4,EMPLOYED,WEST,MARRIED,12TH GRADE,31,URBAN,3.0 - 5.9\%
116,957.0,0,NO,WHITE,295,FEMALE,1,EMPLOYED,WEST,NEVER MARRIED,4TH YR COL,30,URBAN,3.0 - 5.9\%
20,550.0,2400,NO,WHITE,3,FEMALE,3,EMPLOYED,WEST,DIVORCED,3RD YR COL,30,URBAN,3.0 - 5.9\%
54,1000.0,0,NO,WHITE,1,MALE,1,EMPLOYED,WEST,NEVER MARRIED,4TH YR COL,28,URBAN,3.0 - 5.9\%
96,800.0,0,NO,WHITE,4,MALE,1,EMPLOYED,WEST,NEVER MARRIED,12TH GRADE,30,RURAL,9.0 - 11.9\%
117,-4.0,0,NO,WHITE,-4,FEMALE,2,OUT OF LABOR FORCE,WEST,MARRIED,4TH YR COL,31,URBAN,3.0 - 5.9\%
135,875.0,0,NO,WHITE,244,MALE,3,EMPLOYED,NORTHEAST,NEVER MARRIED,4TH YR COL,28,URBAN,3.0 - 5.9\%
101,867.0,0,NO,WHITE,158,MALE,7,EMPLOYED,NORTHEAST,NEVER MARRIED,4TH YR COL,27,URBAN,3.0 - 5.9\%
100,12.0,0,NO,WHITE,238,MALE,3,EMPLOYED,NORTHEAST,MARRIED,4TH YR COL,28,URBAN,< 3.0\%
90,1000.0,0,NO,WHITE,33,MALE,3,EMPLOYED,NORTHEAST,MARRIED,11TH GRADE,28,URBAN,3.0 - 5.9\%
87,1000.0,3600,NO,WHITE,41,FEMALE,2,EMPLOYED,NORTHEAST,DIVORCED,12TH GRADE,30,URBAN,3.0 - 5.9\%
76,-4.0,0,NO,WHITE,39,MALE,3,EMPLOYED,NORTHEAST,MARRIED,12TH GRADE,31,URBAN,3.0 - 5.9\%
68,666.0,0,NO,WHITE,231,FEMALE,1,EMPLOYED,NORTHEAST,NEVER MARRIED,2ND YR COL,29,URBAN,3.0 - 5.9\%
102,1075.0,0,NO,WHITE,200,FEMALE,2,EMPLOYED,NORTHEAST,MARRIED,1ST YR COL,29,URBAN,< 3.0\%
107,1225.0,0,NO,WHITE,363,MALE,4,EMPLOYED,NORTHEAST,NEVER MARRIED,12TH GRADE,27,URBAN,3.0 - 5.9\%
100,1009.0,0,NO,WHITE,6,MALE,3,EMPLOYED,SOUTH,DIVORCED,12TH GRADE,27,URBAN,3.0 - 5.9\%
104,1634.0,0,NO,WHITE,144,MALE,4,EMPLOYED,SOUTH,MARRIED,12TH GRADE,28,URBAN,3.0 - 5.9\%
108,965.0,0,NO,WHITE,111,MALE,4,EMPLOYED,SOUTH,MARRIED,1ST YR COL,26,URBAN,9.0 - 11.9\%
117,2307.0,0,NO,WHITE,177,MALE,2,EMPLOYED,SOUTH,MARRIED,4TH YR COL,29,URBAN,3.0 - 5.9\%
139,961.0,0,NO,WHITE,52,FEMALE,2,EMPLOYED,NORTH CENTRAL,MARRIED,4TH YR COL,28,RURAL,3.0 - 5.9\%
103,2218.0,0,NO,WHITE,2,MALE,1,EMPLOYED,NORTHEAST,NEVER MARRIED,4TH YR COL,26,URBAN,< 3.0\%
109,664.0,400,NO,WHITE,80,FEMALE,3,EMPLOYED,NORTHEAST,SEPARATED,2ND YR COL,31,URBAN,3.0 - 5.9\%
109,1129.0,0,NO,WHITE,98,FEMALE,3,OUT OF LABOR FORCE,NORTHEAST,MARRIED,4TH YR COL,30,URBAN,3.0 - 5.9\%
55,1035.0,0,NO,WHITE,319,MALE,2,EMPLOYED,NORTH CENTRAL,MARRIED,12TH GRADE,29,URBAN,3.0 - 5.9\%
71,1730.0,0,NO,WHITE,37,FEMALE,1,EMPLOYED,NORTH CENTRAL,DIVORCED,4TH YR COL,27,URBAN,3.0 - 5.9\%
47,755.0,0,NO,WHITE,90,MALE,1,EMPLOYED,NORTH CENTRAL,NEVER MARRIED,12TH GRADE,25,URBAN,3.0 - 5.9\%
109,897.0,0,NO,WHITE,235,MALE,4,EMPLOYED,NORTH CENTRAL,MARRIED,12TH GRADE,27,URBAN,9.0 - 11.9\%
87,683.0,0,NO,WHITE,357,MALE,2,EMPLOYED,NORTH CENTRAL,MARRIED,1ST YR COL,28,URBAN,9.0 - 11.9\%
97,74.0,0,NO,WHITE,113,FEMALE,3,EMPLOYED,SOUTH,MARRIED,4TH YR COL,25,URBAN,6.0 - 8.9\%
111,1709.0,0,NO,WHITE,161,MALE,2,EMPLOYED,SOUTH,MARRIED,4TH YR COL,26,URBAN,6.0 - 8.9\%
118,961.0,0,NO,WHITE,120,FEMALE,2,EMPLOYED,NORTH CENTRAL,MARRIED,4TH YR COL,31,RURAL,9.0 - 11.9\%
94,1168.0,0,NO,WHITE,606,FEMALE,4,EMPLOYED,NORTH CENTRAL,MARRIED,12TH GRADE,31,URBAN,6.0 - 8.9\%
107,490.0,0,NO,WHITE,35,FEMALE,4,EMPLOYED,NORTH CENTRAL,MARRIED,4TH YR COL,30,URBAN,6.0 - 8.9\%
96,1125.0,0,NO,WHITE,526,FEMALE,2,EMPLOYED,NORTH CENTRAL,MARRIED,12TH GRADE,29,RURAL,9.0 - 11.9\%
101,800.0,0,NO,WHITE,244,FEMALE,1,EMPLOYED,NORTH CENTRAL,SEPARATED,1ST YR COL,28,RURAL,9.0 - 11.9\%
104,-4.0,0,NO,WHITE,-4,FEMALE,5,OUT OF LABOR FORCE,NORTH CENTRAL,MARRIED,2ND YR COL,29,RURAL,9.0 - 11.9\%
116,1030.0,0,NO,WHITE,65,MALE,4,EMPLOYED,NORTH CENTRAL,MARRIED,12TH GRADE,27,URBAN,3.0 - 5.9\%
115,465.0,100,NO,WHITE,26,MALE,6,EMPLOYED,SOUTH,MARRIED,2ND YR COL,26,RURAL,9.0 - 11.9\%
111,-4.0,0,NO,WHITE,-4,FEMALE,5,OUT OF LABOR FORCE,NORTH CENTRAL,MARRIED,2ND YR COL,31,RURAL,3.0 - 5.9\%
110,700.0,0,NO,WHITE,55,FEMALE,1,UNEMPLOYED,NORTH CENTRAL,NEVER MARRIED,12TH GRADE,28,RURAL,9.0 - 11.9\%
103,-4.0,0,NO,WHITE,-4,FEMALE,7,OUT OF LABOR FORCE,NORTH CENTRAL,MARRIED,3RD YR COL,29,URBAN,3.0 - 5.9\%
100,400.0,0,NO,WHITE,35,FEMALE,5,EMPLOYED,NORTH CENTRAL,MARRIED,12TH GRADE,31,URBAN,6.0 - 8.9\%
102,2403.0,0,NO,WHITE,197,MALE,3,EMPLOYED,NORTH CENTRAL,MARRIED,4TH YR COL,29,RURAL,6.0 - 8.9\%
102,400.0,0,YES,WHITE,10,FEMALE,4,OUT OF LABOR FORCE,NORTH CENTRAL,DIVORCED,12TH GRADE,26,RURAL,9.0 - 11.9\%
107,1534.0,0,NO,WHITE,3,MALE,2,EMPLOYED,NORTH CENTRAL,MARRIED,4TH YR COL,28,URBAN,3.0 - 5.9\%
107,800.0,0,NO,WHITE,520,MALE,2,EMPLOYED,NORTH CENTRAL,MARRIED,3RD YR COL,29,RURAL,9.0 - 11.9\%
109,323.0,0,NO,WHITE,32,MALE,2,EMPLOYED,NORTH CENTRAL,MARRIED,1ST YR COL,27,RURAL,9.0 - 11.9\%
110,961.0,0,NO,WHITE,4,MALE,2,EMPLOYED,SOUTH,MARRIED,3RD YR COL,26,RURAL,3.0 - 5.9\%
91,765.0,0,NO,WHITE,530,FEMALE,2,EMPLOYED,SOUTH,MARRIED,12TH GRADE,29,RURAL,3.0 - 5.9\%
97,594.0,0,NO,WHITE,105,FEMALE,2,EMPLOYED,SOUTH,MARRIED,9TH GRADE,26,RURAL,3.0 - 5.9\%
76,605.0,0,NO,WHITE,303,FEMALE,3,EMPLOYED,SOUTH,MARRIED,12TH GRADE,28,RURAL,3.0 - 5.9\%
82,473.0,0,NO,WHITE,398,FEMALE,3,EMPLOYED,SOUTH,NEVER MARRIED,12TH GRADE,27,RURAL,3.0 - 5.9\%
129,1580.0,0,NO,WHITE,173,MALE,2,EMPLOYED,SOUTH,MARRIED,4TH YR COL,29,RURAL,3.0 - 5.9\%
23,500.0,0,NO,BLACK,32,MALE,5,EMPLOYED,SOUTH,MARRIED,12TH GRADE,29,URBAN,3.0 - 5.9\%
64,450.0,0,NO,WHITE,46,MALE,4,EMPLOYED,SOUTH,MARRIED,8TH GRADE,26,RURAL,3.0 - 5.9\%
99,750.0,0,NO,WHITE,582,FEMALE,4,EMPLOYED,SOUTH,MARRIED,12TH GRADE,31,RURAL,3.0 - 5.9\%
78,833.0,0,NO,WHITE,14,MALE,3,EMPLOYED,SOUTH,NEVER MARRIED,9TH GRADE,29,RURAL,3.0 - 5.9\%
88,697.0,0,NO,WHITE,17,FEMALE,4,EMPLOYED,SOUTH,MARRIED,12TH GRADE,29,URBAN,< 3.0\%
107,1193.0,0,NO,WHITE,519,MALE,4,EMPLOYED,SOUTH,MARRIED,12TH GRADE,32,RURAL,3.0 - 5.9\%
103,675.0,0,NO,WHITE,77,MALE,2,EMPLOYED,SOUTH,MARRIED,12TH GRADE,32,RURAL,3.0 - 5.9\%
96,931.0,0,NO,WHITE,218,MALE,2,EMPLOYED,SOUTH,MARRIED,5TH YR COL,27,RURAL,3.0 - 5.9\%
98,635.0,0,NO,WHITE,177,FEMALE,2,EMPLOYED,SOUTH,MARRIED,12TH GRADE,28,URBAN,3.0 - 5.9\%
106,712.0,0,NO,WHITE,238,MALE,2,EMPLOYED,SOUTH,MARRIED,12TH GRADE,29,RURAL,3.0 - 5.9\%
40,645.0,0,NO,WHITE,187,MALE,3,EMPLOYED,SOUTH,MARRIED,9TH GRADE,30,RURAL,3.0 - 5.9\%
60,807.0,0,NO,WHITE,83,MALE,1,EMPLOYED,SOUTH,NEVER MARRIED,5TH YR COL,28,URBAN,< 3.0\%
42,745.0,0,NO,WHITE,602,FEMALE,2,EMPLOYED,SOUTH,NEVER MARRIED,12TH GRADE,29,RURAL,3.0 - 5.9\%
19,1000.0,0,NO,WHITE,226,FEMALE,1,EMPLOYED,SOUTH,DIVORCED,12TH GRADE,26,RURAL,3.0 - 5.9\%
25,668.0,0,NO,WHITE,137,MALE,4,EMPLOYED,SOUTH,MARRIED,12TH GRADE,26,RURAL,3.0 - 5.9\%
48,1153.0,0,NO,WHITE,115,MALE,3,EMPLOYED,SOUTH,MARRIED,12TH GRADE,28,RURAL,3.0 - 5.9\%
69,-4.0,0,NO,WHITE,46,MALE,2,EMPLOYED,SOUTH,NEVER MARRIED,4TH YR COL,29,RURAL,3.0 - 5.9\%
29,737.0,0,NO,BLACK,55,MALE,2,EMPLOYED,SOUTH,NEVER MARRIED,12TH GRADE,27,URBAN,3.0 - 5.9\%
51,826.0,0,NO,WHITE,23,FEMALE,2,EMPLOYED,SOUTH,MARRIED,4TH YR COL,25,URBAN,3.0 - 5.9\%
81,-4.0,0,NO,WHITE,225,MALE,1,EMPLOYED,SOUTH,DIVORCED,11TH GRADE,30,URBAN,3.0 - 5.9\%
85,570.0,0,NO,WHITE,419,FEMALE,5,EMPLOYED,SOUTH,NEVER MARRIED,1ST YR COL,30,URBAN,9.0 - 11.9\%
89,416.0,0,NO,WHITE,7,FEMALE,4,EMPLOYED,SOUTH,MARRIED,2ND YR COL,28,URBAN,9.0 - 11.9\%
104,525.0,0,NO,WHITE,52,MALE,1,EMPLOYED,SOUTH,DIVORCED,12TH GRADE,25,URBAN,9.0 - 11.9\%
75,250.0,0,NO,WHITE,6,MALE,2,EMPLOYED,SOUTH,NEVER MARRIED,9TH GRADE,26,URBAN,9.0 - 11.9\%
110,1262.0,0,NO,WHITE,17,MALE,4,EMPLOYED,WEST,NEVER MARRIED,12TH GRADE,27,URBAN,6.0 - 8.9\%
85,650.0,0,NO,BLACK,27,FEMALE,3,UNEMPLOYED,SOUTH,SEPARATED,12TH GRADE,32,URBAN,3.0 - 5.9\%
83,650.0,0,NO,BLACK,189,FEMALE,4,EMPLOYED,SOUTH,NEVER MARRIED,10TH GRADE,31,URBAN,3.0 - 5.9\%
103,944.0,0,NO,BLACK,133,FEMALE,1,EMPLOYED,SOUTH,NEVER MARRIED,12TH GRADE,27,URBAN,< 3.0\%
84,200.0,0,NO,BLACK,3,MALE,3,EMPLOYED,SOUTH,NEVER MARRIED,12TH GRADE,27,URBAN,3.0 - 5.9\%
95,1134.0,0,NO,BLACK,44,MALE,3,EMPLOYED,SOUTH,MARRIED,12TH GRADE,30,URBAN,3.0 - 5.9\%
83,861.0,0,NO,BLACK,127,FEMALE,1,EMPLOYED,SOUTH,NEVER MARRIED,4TH YR COL,29,URBAN,3.0 - 5.9\%
98,723.0,0,NO,BLACK,7,FEMALE,3,EMPLOYED,SOUTH,DIVORCED,4TH YR COL,27,URBAN,3.0 - 5.9\%
75,-4.0,700,NO,BLACK,-4,FEMALE,3,UNEMPLOYED,SOUTH,NEVER MARRIED,1ST YR COL,31,URBAN,3.0 - 5.9\%
89,1050.0,0,NO,BLACK,23,MALE,3,EMPLOYED,SOUTH,MARRIED,12TH GRADE,29,URBAN,3.0 - 5.9\%
82,268.0,200,NO,BLACK,8,FEMALE,7,EMPLOYED,SOUTH,NEVER MARRIED,11TH GRADE,27,URBAN,3.0 - 5.9\%
104,1923.0,0,NO,BLACK,345,MALE,3,EMPLOYED,SOUTH,MARRIED,5TH YR COL,31,URBAN,3.0 - 5.9\%
104,1111.0,0,NO,BLACK,6,FEMALE,5,EMPLOYED,SOUTH,MARRIED,3RD YR COL,32,URBAN,3.0 - 5.9\%
90,867.0,0,NO,BLACK,382,MALE,4,EMPLOYED,SOUTH,MARRIED,1ST YR COL,29,URBAN,3.0 - 5.9\%
94,514.0,0,NO,BLACK,39,MALE,1,EMPLOYED,SOUTH,NEVER MARRIED,1ST YR COL,25,URBAN,3.0 - 5.9\%
71,400.0,0,NO,BLACK,163,MALE,1,EMPLOYED,SOUTH,NEVER MARRIED,1ST YR COL,32,URBAN,3.0 - 5.9\%
83,525.0,300,NO,BLACK,10,FEMALE,3,UNEMPLOYED,SOUTH,DIVORCED,1ST YR COL,28,URBAN,3.0 - 5.9\%
88,-4.0,0,YES,BLACK,-4,FEMALE,3,OUT OF LABOR FORCE,SOUTH,NEVER MARRIED,12TH GRADE,31,URBAN,3.0 - 5.9\%
67,-4.0,0,YES,BLACK,-4,FEMALE,4,OUT OF LABOR FORCE,SOUTH,NEVER MARRIED,12TH GRADE,28,URBAN,3.0 - 5.9\%
95,919.0,0,NO,BLACK,194,FEMALE,3,EMPLOYED,SOUTH,MARRIED,4TH YR COL,27,URBAN,3.0 - 5.9\%
72,460.0,0,NO,BLACK,40,MALE,4,EMPLOYED,SOUTH,NEVER MARRIED,10TH GRADE,29,URBAN,6.0 - 8.9\%
42,909.0,0,NO,BLACK,66,MALE,3,EMPLOYED,SOUTH,MARRIED,12TH GRADE,27,URBAN,6.0 - 8.9\%
87,1593.0,0,NO,BLACK,10,FEMALE,2,EMPLOYED,SOUTH,NEVER MARRIED,5TH YR COL,28,URBAN,3.0 - 5.9\%
22,744.0,0,NO,WHITE,279,MALE,4,EMPLOYED,SOUTH,MARRIED,12TH GRADE,32,RURAL,6.0 - 8.9\%
35,745.0,0,NO,WHITE,105,FEMALE,2,EMPLOYED,SOUTH,MARRIED,12TH GRADE,27,RURAL,3.0 - 5.9\%
28,568.0,0,NO,BLACK,-3,FEMALE,4,EMPLOYED,SOUTH,MARRIED,1ST YR COL,30,URBAN,3.0 - 5.9\%
31,450.0,0,NO,BLACK,38,FEMALE,3,EMPLOYED,SOUTH,MARRIED,4TH YR COL,29,RURAL,3.0 - 5.9\%
62,725.0,0,NO,BLACK,38,FEMALE,5,EMPLOYED,SOUTH,MARRIED,2ND YR COL,27,RURAL,3.0 - 5.9\%
80,963.0,0,NO,BLACK,257,MALE,3,EMPLOYED,SOUTH,MARRIED,12TH GRADE,28,URBAN,3.0 - 5.9\%
95,1496.0,0,NO,BLACK,369,FEMALE,3,EMPLOYED,SOUTH,MARRIED,4TH YR COL,29,RURAL,3.0 - 5.9\%
23,500.0,0,NO,WHITE,225,MALE,3,EMPLOYED,SOUTH,MARRIED,11TH GRADE,28,RURAL,3.0 - 5.9\%
89,1013.0,0,NO,BLACK,327,MALE,2,EMPLOYED,SOUTH,MARRIED,12TH GRADE,27,RURAL,3.0 - 5.9\%
90,583.0,0,NO,BLACK,6,FEMALE,5,UNEMPLOYED,SOUTH,MARRIED,12TH GRADE,24,RURAL,3.0 - 5.9\%
107,1230.0,0,NO,WHITE,99,MALE,3,EMPLOYED,SOUTH,MARRIED,1ST YR COL,28,RURAL,3.0 - 5.9\%
73,-4.0,0,YES,BLACK,-4,FEMALE,6,OUT OF LABOR FORCE,SOUTH,SEPARATED,10TH GRADE,31,RURAL,3.0 - 5.9\%
87,435.0,0,NO,BLACK,168,FEMALE,4,EMPLOYED,SOUTH,NEVER MARRIED,12TH GRADE,26,RURAL,3.0 - 5.9\%
83,500.0,0,NO,BLACK,25,MALE,1,EMPLOYED,SOUTH,NEVER MARRIED,12TH GRADE,28,URBAN,3.0 - 5.9\%
87,735.0,0,NO,BLACK,165,MALE,4,EMPLOYED,SOUTH,MARRIED,12TH GRADE,25,RURAL,3.0 - 5.9\%
101,650.0,0,NO,BLACK,81,FEMALE,4,EMPLOYED,SOUTH,MARRIED,3RD YR COL,27,RURAL,3.0 - 5.9\%
94,957.0,0,NO,BLACK,211,MALE,4,EMPLOYED,SOUTH,NEVER MARRIED,2ND YR COL,29,RURAL,3.0 - 5.9\%
78,495.0,0,NO,BLACK,71,FEMALE,3,OUT OF LABOR FORCE,SOUTH,MARRIED,12TH GRADE,31,RURAL,3.0 - 5.9\%
87,625.0,0,NO,BLACK,173,FEMALE,1,EMPLOYED,SOUTH,NEVER MARRIED,4TH YR COL,26,RURAL,3.0 - 5.9\%
95,500.0,0,NO,WHITE,57,FEMALE,5,OUT OF LABOR FORCE,SOUTH,DIVORCED,7TH GRADE,25,RURAL,3.0 - 5.9\%
101,1825.0,0,NO,BLACK,117,MALE,1,EMPLOYED,SOUTH,NEVER MARRIED,12TH GRADE,28,URBAN,3.0 - 5.9\%
96,850.0,0,NO,BLACK,182,MALE,1,EMPLOYED,SOUTH,NEVER MARRIED,11TH GRADE,27,URBAN,3.0 - 5.9\%
87,1201.0,0,NO,BLACK,264,MALE,6,EMPLOYED,SOUTH,NEVER MARRIED,12TH GRADE,26,RURAL,3.0 - 5.9\%
90,1153.0,0,NO,BLACK,238,MALE,1,EMPLOYED,SOUTH,NEVER MARRIED,4TH YR COL,29,URBAN,< 3.0\%
85,750.0,0,NO,BLACK,249,FEMALE,4,EMPLOYED,NORTH CENTRAL,MARRIED,4TH YR COL,28,URBAN,3.0 - 5.9\%
104,1100.0,0,NO,BLACK,64,MALE,2,EMPLOYED,SOUTH,NEVER MARRIED,12TH GRADE,28,RURAL,3.0 - 5.9\%
81,365.0,0,YES,BLACK,1,FEMALE,4,EMPLOYED,SOUTH,NEVER MARRIED,1ST YR COL,26,RURAL,3.0 - 5.9\%
101,1076.0,0,NO,BLACK,191,MALE,3,EMPLOYED,SOUTH,MARRIED,3RD YR COL,31,RURAL,3.0 - 5.9\%
72,500.0,0,NO,BLACK,1,FEMALE,2,EMPLOYED,SOUTH,MARRIED,2ND YR COL,30,RURAL,3.0 - 5.9\%
84,600.0,0,NO,BLACK,36,MALE,1,EMPLOYED,SOUTH,NEVER MARRIED,8TH GRADE,29,RURAL,3.0 - 5.9\%
75,400.0,0,NO,BLACK,510,MALE,8,EMPLOYED,SOUTH,NEVER MARRIED,10TH GRADE,27,RURAL,3.0 - 5.9\%
101,395.0,0,NO,BLACK,41,FEMALE,4,EMPLOYED,SOUTH,MARRIED,4TH YR COL,28,RURAL,3.0 - 5.9\%
94,500.0,0,YES,BLACK,16,FEMALE,5,UNEMPLOYED,SOUTH,NEVER MARRIED,10TH GRADE,28,RURAL,3.0 - 5.9\%
73,350.0,0,NO,BLACK,115,MALE,5,EMPLOYED,SOUTH,NEVER MARRIED,12TH GRADE,25,RURAL,3.0 - 5.9\%
17,495.0,0,NO,BLACK,133,MALE,3,EMPLOYED,SOUTH,MARRIED,12TH GRADE,30,RURAL,3.0 - 5.9\%
77,-4.0,0,NO,BLACK,-4,MALE,1,OUT OF LABOR FORCE,WEST,NEVER MARRIED,10TH GRADE,30,URBAN,6.0 - 8.9\%
102,965.0,0,NO,BLACK,292,MALE,4,EMPLOYED,WEST,MARRIED,4TH YR COL,31,URBAN,6.0 - 8.9\%
86,850.0,0,NO,BLACK,467,MALE,3,EMPLOYED,SOUTH,SEPARATED,12TH GRADE,27,RURAL,3.0 - 5.9\%
20,375.0,0,YES,BLACK,5,FEMALE,6,OUT OF LABOR FORCE,SOUTH,SEPARATED,12TH GRADE,30,RURAL,3.0 - 5.9\%
44,817.0,0,NO,BLACK,132,MALE,2,EMPLOYED,SOUTH,NEVER MARRIED,3RD YR COL,30,URBAN,< 3.0\%
33,600.0,0,NO,WHITE,226,FEMALE,3,EMPLOYED,SOUTH,MARRIED,4TH YR COL,28,RURAL,9.0 - 11.9\%
103,600.0,0,NO,WHITE,73,FEMALE,6,EMPLOYED,SOUTH,MARRIED,12TH GRADE,28,RURAL,9.0 - 11.9\%
96,311.0,0,NO,WHITE,7,FEMALE,5,EMPLOYED,SOUTH,MARRIED,12TH GRADE,26,RURAL,9.0 - 11.9\%
92,589.0,0,NO,WHITE,460,FEMALE,2,OUT OF LABOR FORCE,SOUTH,MARRIED,12TH GRADE,27,RURAL,6.0 - 8.9\%
97,800.0,0,NO,WHITE,252,MALE,4,EMPLOYED,SOUTH,MARRIED,12TH GRADE,26,RURAL,6.0 - 8.9\%
80,500.0,0,NO,WHITE,7,MALE,6,UNEMPLOYED,SOUTH,MARRIED,12TH GRADE,28,RURAL,6.0 - 8.9\%
86,-4.0,0,YES,WHITE,-4,FEMALE,5,OUT OF LABOR FORCE,SOUTH,MARRIED,12TH GRADE,27,RURAL,6.0 - 8.9\%
176,1442.0,0,NO,WHITE,47,FEMALE,3,EMPLOYED,SOUTH,MARRIED,4TH YR COL,31,URBAN,3.0 - 5.9\%
73,1410.0,0,NO,WHITE,384,MALE,5,EMPLOYED,SOUTH,MARRIED,4TH YR COL,30,URBAN,3.0 - 5.9\%
108,863.0,0,NO,WHITE,469,FEMALE,4,EMPLOYED,SOUTH,MARRIED,5TH YR COL,31,RURAL,3.0 - 5.9\%
78,610.0,0,NO,WHITE,233,MALE,4,EMPLOYED,NORTH CENTRAL,MARRIED,8TH GRADE,30,RURAL,6.0 - 8.9\%
36,784.0,500,NO,BLACK,99,FEMALE,3,EMPLOYED,SOUTH,NEVER MARRIED,12TH GRADE,27,URBAN,3.0 - 5.9\%
97,750.0,0,NO,BLACK,28,MALE,1,EMPLOYED,NORTHEAST,NEVER MARRIED,12TH GRADE,25,URBAN,3.0 - 5.9\%
94,1175.0,0,NO,BLACK,136,FEMALE,5,EMPLOYED,NORTHEAST,MARRIED,3RD YR COL,29,URBAN,3.0 - 5.9\%
124,2500.0,0,NO,WHITE,194,FEMALE,4,EMPLOYED,NORTHEAST,MARRIED,3RD YR COL,29,URBAN,3.0 - 5.9\%
53,2019.0,0,NO,WHITE,340,MALE,6,EMPLOYED,NORTHEAST,MARRIED,1ST YR COL,31,URBAN,3.0 - 5.9\%
80,1346.0,0,NO,WHITE,28,MALE,4,EMPLOYED,NORTHEAST,MARRIED,5TH YR COL,32,URBAN,3.0 - 5.9\%
79,714.0,0,NO,WHITE,24,MALE,6,EMPLOYED,SOUTH,DIVORCED,2ND YR COL,29,URBAN,3.0 - 5.9\%
95,1418.0,0,NO,BLACK,155,FEMALE,4,EMPLOYED,NORTHEAST,NEVER MARRIED,2ND YR COL,27,URBAN,3.0 - 5.9\%
36,1367.0,0,NO,BLACK,43,MALE,1,EMPLOYED,NORTHEAST,NEVER MARRIED,4TH YR COL,30,URBAN,3.0 - 5.9\%
100,-4.0,0,NO,WHITE,-4,FEMALE,4,OUT OF LABOR FORCE,NORTHEAST,MARRIED,12TH GRADE,30,URBAN,3.0 - 5.9\%
96,600.0,0,NO,WHITE,12,MALE,2,EMPLOYED,NORTHEAST,NEVER MARRIED,12TH GRADE,28,URBAN,3.0 - 5.9\%
87,650.0,0,NO,WHITE,112,FEMALE,2,EMPLOYED,WEST,MARRIED,12TH GRADE,27,URBAN,3.0 - 5.9\%
91,1228.0,0,NO,WHITE,182,FEMALE,2,EMPLOYED,NORTHEAST,MARRIED,12TH GRADE,28,RURAL,3.0 - 5.9\%
95,1312.0,850,NO,WHITE,447,MALE,3,EMPLOYED,NORTHEAST,MARRIED,10TH GRADE,27,RURAL,3.0 - 5.9\%
116,1682.0,0,NO,WHITE,72,FEMALE,1,EMPLOYED,NORTHEAST,NEVER MARRIED,6TH YR COL,31,URBAN,3.0 - 5.9\%
105,608.0,0,NO,WHITE,137,FEMALE,2,UNEMPLOYED,NORTH CENTRAL,MARRIED,5TH YR COL,32,RURAL,6.0 - 8.9\%
85,500.0,0,NO,WHITE,35,FEMALE,4,EMPLOYED,NORTHEAST,NEVER MARRIED,1ST YR COL,31,URBAN,3.0 - 5.9\%
85,-4.0,0,NO,BLACK,-4,FEMALE,3,OUT OF LABOR FORCE,NORTHEAST,SEPARATED,12TH GRADE,30,URBAN,3.0 - 5.9\%
113,549.0,0,NO,WHITE,96,MALE,1,EMPLOYED,NORTHEAST,NEVER MARRIED,4TH YR COL,25,RURAL,< 3.0\%
109,1325.0,0,NO,WHITE,37,MALE,5,EMPLOYED,NORTH CENTRAL,MARRIED,10TH GRADE,30,URBAN,3.0 - 5.9\%
91,800.0,0,NO,WHITE,16,FEMALE,5,EMPLOYED,NORTH CENTRAL,MARRIED,10TH GRADE,28,URBAN,3.0 - 5.9\%
99,700.0,0,NO,WHITE,112,MALE,5,EMPLOYED,NORTH CENTRAL,MARRIED,10TH GRADE,31,RURAL,6.0 - 8.9\%
100,650.0,0,NO,WHITE,200,FEMALE,4,EMPLOYED,NORTH CENTRAL,MARRIED,12TH GRADE,28,RURAL,6.0 - 8.9\%
48,700.0,0,NO,WHITE,12,MALE,1,EMPLOYED,NORTH CENTRAL,NEVER MARRIED,12TH GRADE,26,URBAN,3.0 - 5.9\%
100,709.0,0,NO,BLACK,184,FEMALE,4,EMPLOYED,NORTH CENTRAL,NEVER MARRIED,2ND YR COL,26,URBAN,3.0 - 5.9\%
38,600.0,0,NO,BLACK,27,MALE,4,EMPLOYED,NORTH CENTRAL,NEVER MARRIED,3RD YR COL,25,URBAN,3.0 - 5.9\%
2,350.0,0,NO,WHITE,391,FEMALE,3,EMPLOYED,SOUTH,MARRIED,10TH GRADE,32,URBAN,3.0 - 5.9\%
95,-4.0,0,NO,WHITE,49,FEMALE,2,EMPLOYED,NORTH CENTRAL,MARRIED,4TH YR COL,31,URBAN,6.0 - 8.9\%
98,1394.0,0,NO,OTHER,121,MALE,1,EMPLOYED,NORTH CENTRAL,NEVER MARRIED,4TH YR COL,30,URBAN,3.0 - 5.9\%
92,930.0,0,NO,WHITE,32,MALE,3,EMPLOYED,NORTH CENTRAL,MARRIED,2ND YR COL,29,URBAN,3.0 - 5.9\%
25,700.0,0,NO,BLACK,36,MALE,1,EMPLOYED,NORTH CENTRAL,NEVER MARRIED,9TH GRADE,26,URBAN,3.0 - 5.9\%
104,594.0,0,NO,BLACK,93,FEMALE,1,EMPLOYED,NORTH CENTRAL,NEVER MARRIED,4TH YR COL,30,URBAN,3.0 - 5.9\%
94,418.0,0,NO,BLACK,30,MALE,2,EMPLOYED,NORTH CENTRAL,NEVER MARRIED,12TH GRADE,29,URBAN,3.0 - 5.9\%
78,769.0,0,NO,BLACK,335,FEMALE,3,EMPLOYED,NORTH CENTRAL,MARRIED,1ST YR COL,30,URBAN,3.0 - 5.9\%
82,873.0,0,NO,WHITE,104,MALE,2,EMPLOYED,NORTH CENTRAL,DIVORCED,12TH GRADE,31,URBAN,3.0 - 5.9\%
31,500.0,0,NO,WHITE,2,MALE,4,EMPLOYED,NORTH CENTRAL,MARRIED,12TH GRADE,26,URBAN,< 3.0\%
60,425.0,0,NO,OTHER,2,FEMALE,3,EMPLOYED,NORTH CENTRAL,SEPARATED,12TH GRADE,30,URBAN,3.0 - 5.9\%
45,600.0,0,NO,WHITE,111,FEMALE,4,EMPLOYED,WEST,MARRIED,4TH YR COL,31,URBAN,3.0 - 5.9\%
99,857.0,0,NO,WHITE,111,FEMALE,3,EMPLOYED,SOUTH,MARRIED,12TH GRADE,27,URBAN,3.0 - 5.9\%
25,783.0,0,NO,BLACK,77,FEMALE,1,EMPLOYED,SOUTH,NEVER MARRIED,4TH YR COL,26,RURAL,9.0 - 11.9\%
24,400.0,0,NO,WHITE,58,MALE,4,EMPLOYED,NORTH CENTRAL,MARRIED,11TH GRADE,28,URBAN,6.0 - 8.9\%
105,450.0,0,NO,BLACK,63,FEMALE,6,EMPLOYED,SOUTH,NEVER MARRIED,4TH YR COL,28,URBAN,3.0 - 5.9\%
117,1610.0,0,NO,BLACK,211,MALE,3,EMPLOYED,SOUTH,MARRIED,5TH YR COL,27,URBAN,3.0 - 5.9\%
95,777.0,0,NO,BLACK,2,FEMALE,4,EMPLOYED,SOUTH,NEVER MARRIED,4TH YR COL,26,URBAN,3.0 - 5.9\%
68,450.0,1200,NO,BLACK,24,MALE,3,EMPLOYED,SOUTH,SEPARATED,10TH GRADE,27,URBAN,3.0 - 5.9\%
81,800.0,0,NO,BLACK,586,FEMALE,2,EMPLOYED,SOUTH,NEVER MARRIED,12TH GRADE,32,URBAN,3.0 - 5.9\%
78,650.0,0,NO,BLACK,140,MALE,2,EMPLOYED,WEST,MARRIED,12TH GRADE,28,URBAN,6.0 - 8.9\%
107,820.0,0,NO,BLACK,54,MALE,4,EMPLOYED,SOUTH,NEVER MARRIED,3RD YR COL,27,URBAN,3.0 - 5.9\%
111,650.0,2600,NO,BLACK,93,FEMALE,3,EMPLOYED,SOUTH,NEVER MARRIED,4TH YR COL,27,URBAN,3.0 - 5.9\%
87,732.0,0,NO,BLACK,125,FEMALE,2,EMPLOYED,SOUTH,MARRIED,1ST YR COL,26,URBAN,3.0 - 5.9\%
124,-4.0,0,NO,BLACK,66,MALE,2,EMPLOYED,SOUTH,MARRIED,4TH YR COL,25,URBAN,3.0 - 5.9\%
99,961.0,0,NO,BLACK,101,MALE,4,EMPLOYED,SOUTH,NEVER MARRIED,12TH GRADE,25,URBAN,3.0 - 5.9\%
68,655.0,0,NO,BLACK,36,MALE,4,EMPLOYED,SOUTH,NEVER MARRIED,12TH GRADE,26,URBAN,3.0 - 5.9\%
14,849.0,0,NO,WHITE,129,FEMALE,4,EMPLOYED,NORTHEAST,MARRIED,12TH GRADE,32,URBAN,6.0 - 8.9\%
122,961.0,0,NO,WHITE,362,MALE,2,EMPLOYED,SOUTH,MARRIED,1ST YR COL,26,URBAN,3.0 - 5.9\%
97,650.0,0,NO,WHITE,8,FEMALE,3,EMPLOYED,SOUTH,MARRIED,1ST YR COL,31,URBAN,3.0 - 5.9\%
87,-4.0,0,NO,BLACK,-4,MALE,1,OUT OF LABOR FORCE,SOUTH,NEVER MARRIED,10TH GRADE,31,URBAN,3.0 - 5.9\%
84,662.0,0,NO,WHITE,138,FEMALE,3,EMPLOYED,SOUTH,DIVORCED,12TH GRADE,27,URBAN,3.0 - 5.9\%
100,838.0,0,NO,WHITE,314,MALE,3,EMPLOYED,SOUTH,DIVORCED,12TH GRADE,28,URBAN,3.0 - 5.9\%
123,623.0,0,NO,WHITE,3,MALE,1,EMPLOYED,WEST,NEVER MARRIED,2ND YR COL,26,URBAN,6.0 - 8.9\%
103,425.0,0,NO,BLACK,5,MALE,4,EMPLOYED,SOUTH,MARRIED,12TH GRADE,24,URBAN,3.0 - 5.9\%
74,697.0,0,NO,BLACK,18,FEMALE,1,EMPLOYED,SOUTH,NEVER MARRIED,12TH GRADE,27,URBAN,3.0 - 5.9\%
80,-4.0,0,YES,BLACK,-4,FEMALE,2,OUT OF LABOR FORCE,SOUTH,DIVORCED,9TH GRADE,28,RURAL,6.0 - 8.9\%
88,930.0,0,NO,BLACK,82,FEMALE,1,EMPLOYED,SOUTH,NEVER MARRIED,4TH YR COL,25,URBAN,3.0 - 5.9\%
91,500.0,0,NO,BLACK,46,MALE,1,EMPLOYED,SOUTH,NEVER MARRIED,12TH GRADE,25,URBAN,6.0 - 8.9\%
113,2291.0,0,NO,WHITE,279,MALE,2,EMPLOYED,SOUTH,MARRIED,7TH YR COL,31,URBAN,6.0 - 8.9\%
115,931.0,3000,NO,WHITE,462,FEMALE,2,EMPLOYED,SOUTH,DIVORCED,5TH YR COL,31,URBAN,3.0 - 5.9\%
134,1686.0,0,NO,WHITE,-3,FEMALE,4,EMPLOYED,SOUTH,MARRIED,5TH YR COL,31,URBAN,6.0 - 8.9\%
102,600.0,0,NO,WHITE,89,MALE,1,EMPLOYED,SOUTH,DIVORCED,4TH YR COL,31,URBAN,3.0 - 5.9\%
100,-4.0,0,NO,WHITE,271,MALE,5,EMPLOYED,NORTH CENTRAL,MARRIED,5TH YR COL,31,URBAN,3.0 - 5.9\%
25,625.0,0,NO,WHITE,96,MALE,4,EMPLOYED,WEST,MARRIED,12TH GRADE,27,URBAN,6.0 - 8.9\%
107,1146.0,0,NO,BLACK,52,MALE,3,EMPLOYED,SOUTH,MARRIED,4TH YR COL,28,URBAN,3.0 - 5.9\%
89,1788.0,0,NO,BLACK,419,MALE,1,EMPLOYED,WEST,NEVER MARRIED,12TH GRADE,27,URBAN,3.0 - 5.9\%
127,2500.0,0,NO,WHITE,280,MALE,2,EMPLOYED,WEST,MARRIED,4TH YR COL,32,URBAN,3.0 - 5.9\%
106,1200.0,0,NO,OTHER,208,FEMALE,3,EMPLOYED,WEST,MARRIED,4TH YR COL,28,URBAN,3.0 - 5.9\%
23,1498.0,0,NO,BLACK,224,MALE,1,EMPLOYED,WEST,NEVER MARRIED,12TH GRADE,29,URBAN,3.0 - 5.9\%
89,2637.0,0,NO,OTHER,401,MALE,1,EMPLOYED,WEST,NEVER MARRIED,12TH GRADE,29,URBAN,3.0 - 5.9\%
107,865.0,0,NO,WHITE,108,MALE,1,EMPLOYED,NORTHEAST,NEVER MARRIED,8TH YR COL OR MORE,30,URBAN,3.0 - 5.9\%
113,1937.0,0,NO,WHITE,23,FEMALE,3,EMPLOYED,WEST,MARRIED,6TH YR COL,28,URBAN,3.0 - 5.9\%
95,674.0,0,NO,OTHER,263,FEMALE,3,EMPLOYED,WEST,MARRIED,12TH GRADE,27,URBAN,6.0 - 8.9\%
96,1022.0,0,NO,OTHER,52,MALE,4,EMPLOYED,WEST,NEVER MARRIED,12TH GRADE,26,RURAL,6.0 - 8.9\%
87,400.0,0,NO,WHITE,71,MALE,1,UNEMPLOYED,WEST,NEVER MARRIED,11TH GRADE,24,URBAN,6.0 - 8.9\%
77,667.0,0,NO,OTHER,97,MALE,2,EMPLOYED,WEST,NEVER MARRIED,10TH GRADE,31,URBAN,6.0 - 8.9\%
100,400.0,0,NO,WHITE,159,FEMALE,5,EMPLOYED,SOUTH,MARRIED,12TH GRADE,30,URBAN,6.0 - 8.9\%
14,-4.0,0,YES,WHITE,-4,FEMALE,3,OUT OF LABOR FORCE,WEST,NEVER MARRIED,12TH GRADE,28,URBAN,9.0 - 11.9\%
89,735.0,0,NO,BLACK,171,FEMALE,2,EMPLOYED,WEST,MARRIED,10TH GRADE,28,URBAN,9.0 - 11.9\%
113,650.0,0,NO,WHITE,40,MALE,2,EMPLOYED,WEST,NEVER MARRIED,12TH GRADE,31,URBAN,9.0 - 11.9\%
92,627.0,1200,NO,WHITE,6,FEMALE,3,EMPLOYED,WEST,SEPARATED,12TH GRADE,25,URBAN,9.0 - 11.9\%
65,1166.0,0,NO,WHITE,605,FEMALE,4,EMPLOYED,WEST,SEPARATED,12TH GRADE,31,URBAN,9.0 - 11.9\%
85,550.0,0,NO,WHITE,2,FEMALE,3,EMPLOYED,WEST,MARRIED,11TH GRADE,27,URBAN,3.0 - 5.9\%
83,500.0,0,NO,WHITE,11,MALE,4,OUT OF LABOR FORCE,WEST,MARRIED,11TH GRADE,25,URBAN,9.0 - 11.9\%
89,-4.0,0,NO,OTHER,-4,FEMALE,5,OUT OF LABOR FORCE,WEST,MARRIED,4TH YR COL,31,URBAN,< 3.0\%
31,725.0,0,NO,WHITE,99,MALE,2,EMPLOYED,WEST,MARRIED,1ST YR COL,27,RURAL,6.0 - 8.9\%
16,812.0,0,NO,WHITE,416,FEMALE,2,EMPLOYED,WEST,MARRIED,1ST YR COL,28,URBAN,9.0 - 11.9\%
22,500.0,0,NO,WHITE,100,MALE,4,EMPLOYED,WEST,NEVER MARRIED,3RD YR COL,26,URBAN,9.0 - 11.9\%
96,1000.0,0,NO,BLACK,324,FEMALE,2,EMPLOYED,SOUTH,NEVER MARRIED,3RD YR COL,29,URBAN,6.0 - 8.9\%
110,1279.0,0,NO,BLACK,95,FEMALE,2,EMPLOYED,SOUTH,NEVER MARRIED,6TH YR COL,26,URBAN,6.0 - 8.9\%
100,650.0,0,NO,BLACK,5,FEMALE,4,EMPLOYED,SOUTH,NEVER MARRIED,4TH YR COL,27,RURAL,6.0 - 8.9\%
76,510.0,0,NO,BLACK,96,FEMALE,3,EMPLOYED,SOUTH,NEVER MARRIED,1ST YR COL,25,RURAL,6.0 - 8.9\%
89,1225.0,0,NO,BLACK,188,MALE,1,EMPLOYED,SOUTH,NEVER MARRIED,12TH GRADE,26,URBAN,6.0 - 8.9\%
36,100.0,0,NO,WHITE,6,MALE,3,EMPLOYED,SOUTH,NEVER MARRIED,6TH GRADE,26,RURAL,6.0 - 8.9\%
84,425.0,0,NO,WHITE,82,FEMALE,3,EMPLOYED,SOUTH,SEPARATED,12TH GRADE,31,RURAL,6.0 - 8.9\%
98,500.0,0,NO,WHITE,46,MALE,1,EMPLOYED,SOUTH,DIVORCED,12TH GRADE,30,RURAL,6.0 - 8.9\%
101,832.0,0,NO,WHITE,581,MALE,3,EMPLOYED,SOUTH,MARRIED,12TH GRADE,29,RURAL,6.0 - 8.9\%
93,795.0,0,NO,WHITE,424,FEMALE,2,EMPLOYED,SOUTH,MARRIED,12TH GRADE,30,RURAL,6.0 - 8.9\%
101,998.0,0,NO,WHITE,14,MALE,4,EMPLOYED,SOUTH,MARRIED,12TH GRADE,29,URBAN,6.0 - 8.9\%
70,750.0,0,NO,BLACK,317,FEMALE,4,EMPLOYED,SOUTH,MARRIED,12TH GRADE,29,URBAN,6.0 - 8.9\%
79,600.0,0,NO,BLACK,34,MALE,7,EMPLOYED,SOUTH,NEVER MARRIED,12TH GRADE,28,URBAN,6.0 - 8.9\%
82,-4.0,0,NO,BLACK,-4,FEMALE,7,UNEMPLOYED,SOUTH,NEVER MARRIED,12TH GRADE,25,URBAN,6.0 - 8.9\%
77,703.0,0,NO,BLACK,532,FEMALE,1,EMPLOYED,SOUTH,NEVER MARRIED,3RD YR COL,30,URBAN,6.0 - 8.9\%
106,380.0,0,NO,BLACK,50,FEMALE,2,OUT OF LABOR FORCE,WEST,MARRIED,4TH YR COL,25,URBAN,6.0 - 8.9\%
84,520.0,0,NO,WHITE,115,MALE,1,EMPLOYED,SOUTH,DIVORCED,9TH GRADE,29,RURAL,6.0 - 8.9\%
78,857.0,0,NO,WHITE,3,MALE,3,EMPLOYED,SOUTH,MARRIED,12TH GRADE,25,URBAN,6.0 - 8.9\%
87,425.0,0,NO,BLACK,210,MALE,7,EMPLOYED,SOUTH,NEVER MARRIED,12TH GRADE,27,URBAN,6.0 - 8.9\%
91,345.0,0,NO,BLACK,24,FEMALE,3,EMPLOYED,SOUTH,NEVER MARRIED,12TH GRADE,25,URBAN,6.0 - 8.9\%
66,642.0,0,NO,BLACK,611,MALE,1,EMPLOYED,SOUTH,NEVER MARRIED,10TH GRADE,30,URBAN,6.0 - 8.9\%
99,1250.0,0,NO,WHITE,82,MALE,4,EMPLOYED,SOUTH,MARRIED,12TH GRADE,32,URBAN,6.0 - 8.9\%
91,1700.0,0,NO,WHITE,121,MALE,2,EMPLOYED,SOUTH,DIVORCED,9TH GRADE,29,RURAL,9.0 - 11.9\%
115,825.0,0,NO,WHITE,178,MALE,4,EMPLOYED,SOUTH,MARRIED,12TH GRADE,27,RURAL,9.0 - 11.9\%
90,500.0,0,NO,WHITE,11,MALE,4,EMPLOYED,SOUTH,MARRIED,9TH GRADE,28,URBAN,6.0 - 8.9\%
114,1030.0,300,NO,WHITE,273,FEMALE,4,EMPLOYED,SOUTH,DIVORCED,9TH GRADE,32,RURAL,3.0 - 5.9\%
19,660.0,0,NO,BLACK,136,FEMALE,3,EMPLOYED,SOUTH,NEVER MARRIED,12TH GRADE,26,RURAL,3.0 - 5.9\%
108,1279.0,0,NO,WHITE,147,FEMALE,3,EMPLOYED,SOUTH,MARRIED,6TH YR COL,30,RURAL,3.0 - 5.9\%
85,812.0,0,NO,BLACK,64,MALE,3,EMPLOYED,SOUTH,MARRIED,12TH GRADE,29,RURAL,3.0 - 5.9\%
74,812.0,0,NO,BLACK,153,FEMALE,3,EMPLOYED,SOUTH,SEPARATED,12TH GRADE,31,RURAL,3.0 - 5.9\%
88,769.0,1068,NO,BLACK,156,FEMALE,4,EMPLOYED,SOUTH,SEPARATED,12TH GRADE,31,URBAN,3.0 - 5.9\%
64,1136.0,0,NO,BLACK,81,MALE,1,EMPLOYED,SOUTH,NEVER MARRIED,2ND YR COL,30,URBAN,3.0 - 5.9\%
114,988.0,0,NO,BLACK,48,FEMALE,4,UNEMPLOYED,SOUTH,MARRIED,12TH GRADE,28,URBAN,3.0 - 5.9\%
83,961.0,0,NO,WHITE,106,MALE,3,EMPLOYED,SOUTH,MARRIED,12TH GRADE,27,RURAL,3.0 - 5.9\%
78,450.0,0,NO,BLACK,13,FEMALE,1,OUT OF LABOR FORCE,SOUTH,NEVER MARRIED,12TH GRADE,27,RURAL,3.0 - 5.9\%
84,575.0,0,NO,BLACK,85,FEMALE,4,OUT OF LABOR FORCE,SOUTH,MARRIED,12TH GRADE,27,URBAN,3.0 - 5.9\%
89,1047.0,0,NO,BLACK,32,MALE,3,EMPLOYED,SOUTH,MARRIED,12TH GRADE,28,URBAN,3.0 - 5.9\%
95,510.0,0,NO,BLACK,11,MALE,4,EMPLOYED,SOUTH,NEVER MARRIED,12TH GRADE,25,URBAN,3.0 - 5.9\%
91,335.0,450,NO,BLACK,7,FEMALE,5,OUT OF LABOR FORCE,SOUTH,NEVER MARRIED,12TH GRADE,25,RURAL,3.0 - 5.9\%
30,775.0,0,NO,WHITE,276,MALE,1,EMPLOYED,SOUTH,DIVORCED,10TH GRADE,28,RURAL,3.0 - 5.9\%
25,656.0,0,NO,WHITE,170,MALE,4,EMPLOYED,SOUTH,MARRIED,12TH GRADE,27,RURAL,3.0 - 5.9\%
31,575.0,0,NO,WHITE,603,FEMALE,6,EMPLOYED,SOUTH,SEPARATED,11TH GRADE,31,URBAN,3.0 - 5.9\%
17,350.0,0,NO,WHITE,177,MALE,2,EMPLOYED,SOUTH,NEVER MARRIED,12TH GRADE,27,RURAL,3.0 - 5.9\%
69,504.0,0,NO,BLACK,63,MALE,2,EMPLOYED,SOUTH,MARRIED,12TH GRADE,25,RURAL,3.0 - 5.9\%
108,525.0,0,NO,WHITE,14,FEMALE,4,OUT OF LABOR FORCE,SOUTH,MARRIED,12TH GRADE,26,URBAN,3.0 - 5.9\%
76,583.0,0,NO,BLACK,81,MALE,2,EMPLOYED,SOUTH,MARRIED,11TH GRADE,29,RURAL,3.0 - 5.9\%
76,-4.0,0,NO,BLACK,-4,MALE,6,UNEMPLOYED,SOUTH,DIVORCED,12TH GRADE,28,RURAL,3.0 - 5.9\%
89,650.0,0,NO,WHITE,96,FEMALE,3,EMPLOYED,SOUTH,SEPARATED,12TH GRADE,28,RURAL,3.0 - 5.9\%
86,701.0,0,NO,BLACK,246,FEMALE,2,EMPLOYED,SOUTH,MARRIED,12TH GRADE,24,URBAN,3.0 - 5.9\%
51,633.0,1599,NO,WHITE,27,MALE,3,UNEMPLOYED,NORTH CENTRAL,MARRIED,8TH GRADE,31,RURAL,6.0 - 8.9\%
97,500.0,0,YES,WHITE,2,MALE,1,EMPLOYED,NORTH CENTRAL,SEPARATED,10TH GRADE,30,URBAN,3.0 - 5.9\%
45,520.0,0,NO,WHITE,23,MALE,3,EMPLOYED,NORTH CENTRAL,NEVER MARRIED,1ST YR COL,27,URBAN,3.0 - 5.9\%
42,725.0,0,NO,WHITE,8,MALE,1,EMPLOYED,NORTH CENTRAL,NEVER MARRIED,6TH YR COL,25,URBAN,3.0 - 5.9\%
101,557.0,0,NO,WHITE,11,MALE,3,EMPLOYED,NORTH CENTRAL,MARRIED,12TH GRADE,26,URBAN,3.0 - 5.9\%
57,1600.0,0,NO,WHITE,465,FEMALE,4,EMPLOYED,NORTH CENTRAL,MARRIED,4TH YR COL,31,URBAN,3.0 - 5.9\%
97,-4.0,0,NO,WHITE,84,FEMALE,3,EMPLOYED,NORTH CENTRAL,MARRIED,7TH GRADE,25,RURAL,6.0 - 8.9\%
111,-4.0,0,NO,WHITE,473,MALE,4,EMPLOYED,NORTHEAST,MARRIED,2ND YR COL,31,URBAN,3.0 - 5.9\%
103,600.0,0,NO,WHITE,7,FEMALE,6,EMPLOYED,NORTH CENTRAL,MARRIED,10TH GRADE,29,URBAN,3.0 - 5.9\%
89,878.0,0,NO,WHITE,372,FEMALE,1,EMPLOYED,NORTH CENTRAL,NEVER MARRIED,12TH GRADE,26,URBAN,3.0 - 5.9\%
80,-4.0,0,NO,BLACK,-4,FEMALE,6,OUT OF LABOR FORCE,NORTH CENTRAL,NEVER MARRIED,11TH GRADE,25,URBAN,3.0 - 5.9\%
114,882.0,0,NO,BLACK,59,MALE,2,EMPLOYED,NORTH CENTRAL,NEVER MARRIED,12TH GRADE,28,URBAN,3.0 - 5.9\%
124,600.0,0,NO,BLACK,39,MALE,3,EMPLOYED,NORTH CENTRAL,NEVER MARRIED,1ST YR COL,29,URBAN,3.0 - 5.9\%
108,935.0,0,NO,BLACK,11,MALE,1,EMPLOYED,NORTH CENTRAL,NEVER MARRIED,1ST YR COL,29,URBAN,3.0 - 5.9\%
95,445.0,300,YES,WHITE,128,FEMALE,2,OUT OF LABOR FORCE,NORTH CENTRAL,DIVORCED,12TH GRADE,29,URBAN,6.0 - 8.9\%
85,500.0,0,NO,WHITE,12,FEMALE,4,UNEMPLOYED,NORTH CENTRAL,MARRIED,12TH GRADE,28,URBAN,3.0 - 5.9\%
95,700.0,0,NO,WHITE,112,FEMALE,3,EMPLOYED,SOUTH,MARRIED,12TH GRADE,26,URBAN,3.0 - 5.9\%
102,1016.0,0,NO,WHITE,499,MALE,5,EMPLOYED,NORTHEAST,MARRIED,12TH GRADE,28,RURAL,6.0 - 8.9\%
92,750.0,0,NO,WHITE,191,MALE,1,EMPLOYED,NORTHEAST,SEPARATED,9TH GRADE,27,URBAN,6.0 - 8.9\%
100,550.0,0,NO,WHITE,1,FEMALE,4,EMPLOYED,NORTHEAST,MARRIED,12TH GRADE,29,RURAL,3.0 - 5.9\%
123,600.0,0,YES,WHITE,5,MALE,7,EMPLOYED,NORTHEAST,MARRIED,12TH GRADE,25,RURAL,3.0 - 5.9\%
131,-4.0,0,NO,WHITE,-4,FEMALE,5,OUT OF LABOR FORCE,SOUTH,MARRIED,2ND YR COL,29,URBAN,3.0 - 5.9\%
101,794.0,2080,NO,WHITE,598,MALE,5,EMPLOYED,NORTHEAST,MARRIED,12TH GRADE,29,RURAL,3.0 - 5.9\%
80,800.0,0,NO,WHITE,4,MALE,1,EMPLOYED,NORTHEAST,NEVER MARRIED,11TH GRADE,25,RURAL,3.0 - 5.9\%
80,142.0,0,NO,WHITE,60,FEMALE,4,EMPLOYED,SOUTH,DIVORCED,11TH GRADE,26,URBAN,9.0 - 11.9\%
81,2000.0,0,NO,WHITE,1,MALE,5,EMPLOYED,SOUTH,MARRIED,9TH GRADE,30,URBAN,3.0 - 5.9\%
114,646.0,0,NO,BLACK,32,MALE,4,EMPLOYED,SOUTH,NEVER MARRIED,12TH GRADE,26,RURAL,3.0 - 5.9\%
73,1121.0,0,NO,BLACK,347,MALE,3,EMPLOYED,SOUTH,MARRIED,4TH YR COL,29,RURAL,3.0 - 5.9\%
89,400.0,0,NO,BLACK,18,MALE,2,EMPLOYED,SOUTH,MARRIED,12TH GRADE,25,RURAL,3.0 - 5.9\%
90,1285.0,0,NO,BLACK,1,MALE,1,EMPLOYED,SOUTH,SEPARATED,11TH GRADE,32,RURAL,3.0 - 5.9\%
72,587.0,300,NO,BLACK,164,FEMALE,6,EMPLOYED,SOUTH,NEVER MARRIED,12TH GRADE,29,RURAL,3.0 - 5.9\%
108,1310.0,0,NO,BLACK,119,MALE,3,EMPLOYED,SOUTH,SEPARATED,12TH GRADE,28,URBAN,3.0 - 5.9\%
79,1310.0,0,NO,BLACK,164,MALE,3,EMPLOYED,SOUTH,NEVER MARRIED,3RD YR COL,25,URBAN,3.0 - 5.9\%
77,66.0,0,NO,BLACK,561,MALE,4,EMPLOYED,SOUTH,MARRIED,10TH GRADE,30,RURAL,3.0 - 5.9\%
103,1160.0,0,NO,BLACK,9,MALE,1,EMPLOYED,NORTH CENTRAL,NEVER MARRIED,5TH YR COL,27,URBAN,3.0 - 5.9\%
107,366.0,0,NO,BLACK,33,FEMALE,4,EMPLOYED,SOUTH,MARRIED,2ND YR COL,25,RURAL,3.0 - 5.9\%
86,585.0,300,YES,WHITE,23,FEMALE,3,OUT OF LABOR FORCE,SOUTH,SEPARATED,10TH GRADE,27,RURAL,3.0 - 5.9\%
43,550.0,300,NO,WHITE,101,MALE,5,EMPLOYED,SOUTH,MARRIED,12TH GRADE,25,RURAL,3.0 - 5.9\%
17,685.0,0,NO,BLACK,173,FEMALE,2,EMPLOYED,SOUTH,NEVER MARRIED,4TH YR COL,27,URBAN,< 3.0\%
32,500.0,0,NO,BLACK,16,MALE,3,EMPLOYED,SOUTH,SEPARATED,12TH GRADE,27,RURAL,3.0 - 5.9\%
39,1270.0,0,NO,BLACK,414,FEMALE,4,EMPLOYED,SOUTH,MARRIED,3RD YR COL,30,RURAL,3.0 - 5.9\%
108,100.0,0,YES,WHITE,40,FEMALE,4,EMPLOYED,NORTH CENTRAL,DIVORCED,12TH GRADE,29,URBAN,3.0 - 5.9\%
72,350.0,0,NO,WHITE,98,FEMALE,3,EMPLOYED,SOUTH,MARRIED,12TH GRADE,30,RURAL,9.0 - 11.9\%
125,550.0,0,NO,WHITE,40,FEMALE,3,EMPLOYED,SOUTH,NEVER MARRIED,2ND YR COL,25,RURAL,9.0 - 11.9\%
123,950.0,0,YES,WHITE,356,MALE,3,EMPLOYED,SOUTH,MARRIED,12TH GRADE,29,URBAN,3.0 - 5.9\%
98,-4.0,0,NO,WHITE,-4,FEMALE,3,OUT OF LABOR FORCE,NORTH CENTRAL,MARRIED,12TH GRADE,25,RURAL,6.0 - 8.9\%
22,325.0,0,NO,BLACK,254,MALE,5,OUT OF LABOR FORCE,NORTH CENTRAL,NEVER MARRIED,12TH GRADE,26,RURAL,6.0 - 8.9\%
96,750.0,0,NO,BLACK,37,MALE,2,EMPLOYED,NORTHEAST,NEVER MARRIED,12TH GRADE,28,URBAN,3.0 - 5.9\%
98,1454.0,0,NO,BLACK,32,MALE,4,EMPLOYED,NORTHEAST,MARRIED,12TH GRADE,26,URBAN,3.0 - 5.9\%
39,625.0,0,NO,OTHER,423,FEMALE,1,EMPLOYED,NORTHEAST,NEVER MARRIED,12TH GRADE,27,URBAN,3.0 - 5.9\%
130,607.0,0,NO,BLACK,42,MALE,2,EMPLOYED,NORTHEAST,NEVER MARRIED,12TH GRADE,29,URBAN,3.0 - 5.9\%
88,1033.0,0,NO,BLACK,474,FEMALE,2,EMPLOYED,NORTHEAST,NEVER MARRIED,1ST YR COL,27,URBAN,3.0 - 5.9\%
103,1016.0,0,NO,BLACK,65,FEMALE,2,EMPLOYED,NORTHEAST,NEVER MARRIED,12TH GRADE,25,URBAN,3.0 - 5.9\%
113,1550.0,1600,NO,WHITE,101,FEMALE,2,EMPLOYED,NORTHEAST,NEVER MARRIED,12TH GRADE,27,URBAN,3.0 - 5.9\%
39,608.0,0,NO,OTHER,203,FEMALE,1,EMPLOYED,NORTHEAST,NEVER MARRIED,12TH GRADE,27,URBAN,3.0 - 5.9\%
100,775.0,0,NO,WHITE,207,FEMALE,3,EMPLOYED,NORTHEAST,DIVORCED,12TH GRADE,28,URBAN,3.0 - 5.9\%
95,1000.0,0,NO,WHITE,188,MALE,4,EMPLOYED,NORTHEAST,MARRIED,7TH GRADE,25,URBAN,3.0 - 5.9\%
54,952.0,0,NO,WHITE,57,FEMALE,3,EMPLOYED,NORTHEAST,NEVER MARRIED,2ND YR COL,29,URBAN,3.0 - 5.9\%
31,913.0,0,NO,BLACK,57,MALE,3,EMPLOYED,SOUTH,NEVER MARRIED,11TH GRADE,29,URBAN,< 3.0\%
101,1200.0,0,NO,WHITE,69,MALE,4,EMPLOYED,NORTH CENTRAL,MARRIED,2ND YR COL,29,URBAN,6.0 - 8.9\%
94,661.0,0,NO,WHITE,47,MALE,3,EMPLOYED,SOUTH,MARRIED,3RD YR COL,31,URBAN,3.0 - 5.9\%
94,771.0,0,NO,BLACK,230,FEMALE,3,EMPLOYED,NORTHEAST,NEVER MARRIED,4TH YR COL,31,URBAN,3.0 - 5.9\%
77,400.0,0,NO,WHITE,90,MALE,9,OUT OF LABOR FORCE,NORTHEAST,DIVORCED,10TH GRADE,29,URBAN,3.0 - 5.9\%
82,375.0,0,NO,WHITE,22,FEMALE,3,OUT OF LABOR FORCE,NORTHEAST,NEVER MARRIED,10TH GRADE,32,URBAN,6.0 - 8.9\%
75,400.0,0,NO,WHITE,31,MALE,1,EMPLOYED,NORTHEAST,NEVER MARRIED,8TH GRADE,27,RURAL,3.0 - 5.9\%
101,705.0,0,NO,WHITE,255,MALE,2,EMPLOYED,NORTHEAST,NEVER MARRIED,12TH GRADE,27,URBAN,3.0 - 5.9\%
108,1135.0,0,NO,WHITE,506,MALE,2,EMPLOYED,NORTHEAST,MARRIED,12TH GRADE,27,URBAN,3.0 - 5.9\%
105,900.0,0,NO,WHITE,70,FEMALE,2,EMPLOYED,NORTHEAST,MARRIED,12TH GRADE,24,RURAL,3.0 - 5.9\%
122,3125.0,0,NO,WHITE,171,MALE,3,EMPLOYED,NORTHEAST,MARRIED,5TH YR COL,32,URBAN,< 3.0\%
121,1623.0,0,NO,WHITE,113,MALE,3,EMPLOYED,NORTH CENTRAL,MARRIED,4TH YR COL,29,URBAN,3.0 - 5.9\%
69,600.0,0,NO,WHITE,11,MALE,3,EMPLOYED,SOUTH,NEVER MARRIED,9TH GRADE,28,URBAN,3.0 - 5.9\%
115,1623.0,0,NO,WHITE,186,MALE,3,EMPLOYED,NORTHEAST,MARRIED,4TH YR COL,31,URBAN,3.0 - 5.9\%
66,1100.0,0,NO,WHITE,134,MALE,2,EMPLOYED,NORTHEAST,MARRIED,7TH YR COL,31,URBAN,3.0 - 5.9\%
124,1269.0,0,NO,WHITE,107,FEMALE,4,EMPLOYED,NORTHEAST,MARRIED,4TH YR COL,31,URBAN,3.0 - 5.9\%
115,2884.0,0,NO,WHITE,396,FEMALE,1,EMPLOYED,NORTHEAST,NEVER MARRIED,5TH YR COL,32,URBAN,3.0 - 5.9\%
104,636.0,0,NO,WHITE,545,FEMALE,3,EMPLOYED,NORTHEAST,DIVORCED,4TH YR COL,32,RURAL,3.0 - 5.9\%
112,1500.0,0,NO,WHITE,29,FEMALE,2,EMPLOYED,NORTHEAST,NEVER MARRIED,7TH YR COL,31,URBAN,3.0 - 5.9\%
108,2403.0,0,NO,WHITE,348,FEMALE,1,EMPLOYED,WEST,NEVER MARRIED,6TH YR COL,31,URBAN,3.0 - 5.9\%
108,-4.0,0,NO,WHITE,-4,FEMALE,2,OUT OF LABOR FORCE,NORTHEAST,MARRIED,4TH YR COL,31,URBAN,3.0 - 5.9\%
124,1299.0,1560,NO,WHITE,474,FEMALE,2,EMPLOYED,NORTHEAST,MARRIED,4TH YR COL,31,URBAN,3.0 - 5.9\%
88,-4.0,5310,YES,WHITE,-4,FEMALE,7,OUT OF LABOR FORCE,NORTH CENTRAL,DIVORCED,8TH GRADE,31,URBAN,6.0 - 8.9\%
36,440.0,0,NO,WHITE,565,MALE,4,EMPLOYED,NORTH CENTRAL,NEVER MARRIED,8TH GRADE,28,URBAN,6.0 - 8.9\%
141,800.0,0,NO,WHITE,16,FEMALE,1,EMPLOYED,NORTH CENTRAL,NEVER MARRIED,4TH YR COL,32,URBAN,3.0 - 5.9\%
144,1891.0,0,NO,WHITE,139,MALE,1,EMPLOYED,NORTH CENTRAL,NEVER MARRIED,5TH YR COL,24,URBAN,3.0 - 5.9\%
84,500.0,0,NO,BLACK,96,MALE,1,OUT OF LABOR FORCE,NORTH CENTRAL,NEVER MARRIED,12TH GRADE,29,RURAL,3.0 - 5.9\%
78,1780.0,0,NO,BLACK,338,FEMALE,3,UNEMPLOYED,NORTH CENTRAL,DIVORCED,1ST YR COL,30,URBAN,3.0 - 5.9\%
93,512.0,0,NO,BLACK,84,MALE,1,EMPLOYED,NORTH CENTRAL,NEVER MARRIED,12TH GRADE,30,URBAN,6.0 - 8.9\%
107,600.0,0,NO,BLACK,34,MALE,4,EMPLOYED,NORTH CENTRAL,MARRIED,4TH YR COL,29,URBAN,3.0 - 5.9\%
42,747.0,0,NO,WHITE,42,MALE,4,EMPLOYED,NORTH CENTRAL,MARRIED,6TH YR COL,32,URBAN,3.0 - 5.9\%
38,-4.0,0,NO,OTHER,-4,FEMALE,5,OUT OF LABOR FORCE,NORTH CENTRAL,MARRIED,12TH GRADE,28,URBAN,< 3.0\%
35,724.0,0,NO,OTHER,414,FEMALE,3,EMPLOYED,NORTH CENTRAL,MARRIED,12TH GRADE,26,URBAN,< 3.0\%
108,2008.0,0,NO,WHITE,381,MALE,1,EMPLOYED,NORTH CENTRAL,NEVER MARRIED,4TH YR COL,32,URBAN,3.0 - 5.9\%
28,4000.0,0,NO,WHITE,35,FEMALE,2,UNEMPLOYED,SOUTH,MARRIED,12TH GRADE,32,URBAN,3.0 - 5.9\%
102,714.0,0,NO,WHITE,431,MALE,2,EMPLOYED,NORTH CENTRAL,NEVER MARRIED,2ND YR COL,27,RURAL,6.0 - 8.9\%
67,1044.0,0,YES,WHITE,63,FEMALE,4,EMPLOYED,NORTH CENTRAL,DIVORCED,2ND YR COL,31,RURAL,6.0 - 8.9\%
84,600.0,0,NO,WHITE,23,MALE,3,EMPLOYED,SOUTH,NEVER MARRIED,11TH GRADE,26,URBAN,3.0 - 5.9\%
80,335.0,0,NO,BLACK,28,FEMALE,2,EMPLOYED,SOUTH,DIVORCED,12TH GRADE,27,URBAN,6.0 - 8.9\%
104,427.0,0,NO,BLACK,182,MALE,1,EMPLOYED,SOUTH,NEVER MARRIED,1ST YR COL,26,URBAN,6.0 - 8.9\%
118,986.0,0,NO,WHITE,82,FEMALE,2,EMPLOYED,SOUTH,MARRIED,4TH YR COL,30,URBAN,3.0 - 5.9\%
133,1682.0,0,NO,WHITE,197,MALE,1,EMPLOYED,SOUTH,NEVER MARRIED,5TH YR COL,30,RURAL,6.0 - 8.9\%
110,-4.0,0,NO,WHITE,222,MALE,2,EMPLOYED,SOUTH,MARRIED,4TH YR COL,30,RURAL,6.0 - 8.9\%
71,1370.0,0,NO,WHITE,77,FEMALE,1,EMPLOYED,SOUTH,NEVER MARRIED,6TH YR COL,30,URBAN,< 3.0\%
6,1274.0,0,NO,WHITE,303,MALE,1,EMPLOYED,NORTHEAST,NEVER MARRIED,4TH YR COL,30,RURAL,< 3.0\%
99,1250.0,0,NO,WHITE,42,MALE,2,EMPLOYED,SOUTH,MARRIED,7TH YR COL,30,URBAN,3.0 - 5.9\%
35,1100.0,0,NO,WHITE,2,MALE,3,EMPLOYED,SOUTH,DIVORCED,12TH GRADE,26,URBAN,3.0 - 5.9\%
99,1500.0,0,NO,OTHER,250,MALE,4,EMPLOYED,SOUTH,MARRIED,11TH GRADE,32,URBAN,3.0 - 5.9\%
18,726.0,0,NO,OTHER,100,MALE,6,UNEMPLOYED,WEST,NEVER MARRIED,1ST YR COL,30,URBAN,3.0 - 5.9\%
107,-4.0,0,NO,WHITE,-4,FEMALE,3,OUT OF LABOR FORCE,WEST,MARRIED,12TH GRADE,28,RURAL,6.0 - 8.9\%
21,500.0,0,NO,WHITE,38,MALE,6,UNEMPLOYED,WEST,DIVORCED,11TH GRADE,26,URBAN,9.0 - 11.9\%
24,660.0,0,NO,WHITE,382,FEMALE,4,EMPLOYED,WEST,MARRIED,12TH GRADE,27,URBAN,9.0 - 11.9\%
101,500.0,0,NO,WHITE,2,FEMALE,4,EMPLOYED,SOUTH,MARRIED,10TH GRADE,31,URBAN,6.0 - 8.9\%
78,420.0,0,NO,BLACK,8,FEMALE,1,EMPLOYED,SOUTH,SEPARATED,2ND YR COL,31,URBAN,3.0 - 5.9\%
72,666.0,0,NO,BLACK,26,MALE,3,EMPLOYED,SOUTH,NEVER MARRIED,4TH YR COL,31,URBAN,3.0 - 5.9\%
82,600.0,0,NO,BLACK,214,FEMALE,1,EMPLOYED,SOUTH,NEVER MARRIED,12TH GRADE,29,RURAL,3.0 - 5.9\%
87,977.0,0,NO,BLACK,77,MALE,1,EMPLOYED,SOUTH,NEVER MARRIED,12TH GRADE,28,RURAL,3.0 - 5.9\%
84,1500.0,0,NO,BLACK,46,FEMALE,2,EMPLOYED,SOUTH,NEVER MARRIED,12TH GRADE,24,URBAN,3.0 - 5.9\%
79,1346.0,0,NO,BLACK,420,MALE,5,EMPLOYED,SOUTH,MARRIED,12TH GRADE,26,RURAL,3.0 - 5.9\%
108,832.0,0,NO,WHITE,188,MALE,1,EMPLOYED,NORTH CENTRAL,DIVORCED,12TH GRADE,31,URBAN,6.0 - 8.9\%
108,900.0,0,NO,WHITE,60,MALE,4,EMPLOYED,SOUTH,MARRIED,12TH GRADE,29,URBAN,6.0 - 8.9\%
101,625.0,0,NO,WHITE,256,FEMALE,4,EMPLOYED,NORTH CENTRAL,MARRIED,12TH GRADE,29,URBAN,3.0 - 5.9\%
24,400.0,0,YES,WHITE,7,FEMALE,5,UNEMPLOYED,NORTH CENTRAL,MARRIED,8TH GRADE,30,RURAL,6.0 - 8.9\%
56,500.0,0,NO,WHITE,53,FEMALE,4,EMPLOYED,NORTH CENTRAL,MARRIED,4TH YR COL,31,URBAN,6.0 - 8.9\%
91,1533.0,0,YES,BLACK,177,MALE,2,EMPLOYED,NORTH CENTRAL,MARRIED,3RD YR COL,28,URBAN,3.0 - 5.9\%
83,683.0,0,NO,BLACK,202,FEMALE,4,EMPLOYED,SOUTH,SEPARATED,12TH GRADE,27,URBAN,3.0 - 5.9\%
105,1152.0,0,NO,BLACK,88,MALE,3,EMPLOYED,NORTH CENTRAL,NEVER MARRIED,12TH GRADE,26,URBAN,3.0 - 5.9\%
96,1500.0,4160,NO,BLACK,174,FEMALE,6,EMPLOYED,NORTH CENTRAL,SEPARATED,12TH GRADE,26,URBAN,3.0 - 5.9\%
85,650.0,0,NO,WHITE,11,MALE,2,UNEMPLOYED,NORTHEAST,MARRIED,7TH GRADE,31,RURAL,3.0 - 5.9\%
124,4125.0,0,NO,WHITE,72,FEMALE,2,EMPLOYED,NORTHEAST,MARRIED,4TH YR COL,29,URBAN,< 3.0\%
100,681.0,0,NO,WHITE,463,FEMALE,2,EMPLOYED,NORTHEAST,MARRIED,6TH YR COL,32,URBAN,3.0 - 5.9\%
108,850.0,0,NO,WHITE,193,FEMALE,5,OUT OF LABOR FORCE,NORTHEAST,MARRIED,4TH YR COL,30,URBAN,3.0 - 5.9\%
104,1000.0,0,NO,WHITE,39,MALE,3,EMPLOYED,NORTHEAST,MARRIED,12TH GRADE,26,RURAL,3.0 - 5.9\%
37,-4.0,0,NO,BLACK,123,MALE,1,EMPLOYED,SOUTH,NEVER MARRIED,4TH YR COL,27,URBAN,< 3.0\%
111,1442.0,0,NO,OTHER,226,FEMALE,2,EMPLOYED,NORTHEAST,NEVER MARRIED,2ND YR COL,28,URBAN,3.0 - 5.9\%
61,1111.0,0,NO,BLACK,51,FEMALE,4,EMPLOYED,NORTHEAST,NEVER MARRIED,4TH YR COL,27,URBAN,3.0 - 5.9\%
31,800.0,0,NO,WHITE,570,FEMALE,4,EMPLOYED,NORTH CENTRAL,MARRIED,12TH GRADE,32,URBAN,< 3.0\%
97,715.0,0,NO,BLACK,39,FEMALE,1,EMPLOYED,WEST,NEVER MARRIED,4TH YR COL,28,URBAN,3.0 - 5.9\%
83,621.0,0,NO,WHITE,164,MALE,6,EMPLOYED,WEST,MARRIED,12TH GRADE,27,URBAN,9.0 - 11.9\%
83,1487.0,0,NO,WHITE,347,MALE,3,EMPLOYED,WEST,MARRIED,2ND YR COL,32,URBAN,9.0 - 11.9\%
14,775.0,0,NO,BLACK,275,MALE,2,EMPLOYED,SOUTH,NEVER MARRIED,9TH GRADE,28,RURAL,3.0 - 5.9\%
108,1112.0,0,NO,BLACK,109,MALE,2,EMPLOYED,NORTH CENTRAL,NEVER MARRIED,12TH GRADE,29,URBAN,3.0 - 5.9\%
100,1205.0,0,NO,BLACK,153,FEMALE,4,EMPLOYED,NORTH CENTRAL,MARRIED,1ST YR COL,27,URBAN,3.0 - 5.9\%
111,1600.0,6000,NO,BLACK,155,FEMALE,4,EMPLOYED,NORTH CENTRAL,SEPARATED,12TH GRADE,31,URBAN,3.0 - 5.9\%
78,445.0,0,NO,BLACK,53,MALE,5,EMPLOYED,NORTH CENTRAL,DIVORCED,12TH GRADE,28,URBAN,3.0 - 5.9\%
88,987.0,0,NO,BLACK,30,MALE,4,EMPLOYED,NORTH CENTRAL,NEVER MARRIED,12TH GRADE,28,URBAN,3.0 - 5.9\%
85,6363.0,2300,NO,WHITE,391,FEMALE,2,EMPLOYED,WEST,DIVORCED,12TH GRADE,31,URBAN,3.0 - 5.9\%
49,801.0,0,NO,WHITE,127,MALE,1,EMPLOYED,NORTH CENTRAL,SEPARATED,1ST YR COL,25,RURAL,3.0 - 5.9\%
96,990.0,0,NO,WHITE,432,FEMALE,2,EMPLOYED,NORTH CENTRAL,MARRIED,12TH GRADE,29,URBAN,3.0 - 5.9\%
98,650.0,0,NO,WHITE,162,MALE,3,EMPLOYED,NORTH CENTRAL,NEVER MARRIED,4TH YR COL,26,URBAN,3.0 - 5.9\%
94,500.0,0,NO,BLACK,160,MALE,1,EMPLOYED,SOUTH,NEVER MARRIED,12TH GRADE,25,URBAN,3.0 - 5.9\%
96,867.0,0,NO,BLACK,31,MALE,2,EMPLOYED,SOUTH,NEVER MARRIED,12TH GRADE,28,URBAN,3.0 - 5.9\%
91,725.0,0,NO,WHITE,25,MALE,3,EMPLOYED,SOUTH,MARRIED,12TH GRADE,27,URBAN,3.0 - 5.9\%
83,673.0,0,NO,WHITE,206,MALE,1,EMPLOYED,WEST,DIVORCED,12TH GRADE,25,URBAN,6.0 - 8.9\%
120,530.0,0,NO,WHITE,42,FEMALE,1,EMPLOYED,WEST,NEVER MARRIED,2ND YR COL,25,URBAN,6.0 - 8.9\%
118,400.0,0,NO,WHITE,95,FEMALE,1,OUT OF LABOR FORCE,WEST,DIVORCED,4TH YR COL,30,URBAN,3.0 - 5.9\%
106,550.0,0,NO,WHITE,602,MALE,2,EMPLOYED,WEST,MARRIED,12TH GRADE,29,URBAN,6.0 - 8.9\%
86,5769.0,0,NO,BLACK,395,FEMALE,2,EMPLOYED,SOUTH,MARRIED,4TH YR COL,31,URBAN,3.0 - 5.9\%
90,187.0,0,NO,WHITE,18,FEMALE,3,OUT OF LABOR FORCE,WEST,MARRIED,9TH GRADE,28,URBAN,3.0 - 5.9\%
91,1485.0,0,NO,WHITE,143,MALE,4,EMPLOYED,NORTHEAST,MARRIED,12TH GRADE,26,URBAN,3.0 - 5.9\%
68,1000.0,0,NO,WHITE,7,MALE,3,EMPLOYED,NORTHEAST,NEVER MARRIED,4TH YR COL,25,URBAN,3.0 - 5.9\%
116,625.0,0,NO,WHITE,102,MALE,1,EMPLOYED,NORTHEAST,NEVER MARRIED,12TH GRADE,27,URBAN,3.0 - 5.9\%
109,390.0,0,NO,WHITE,210,FEMALE,2,EMPLOYED,NORTHEAST,MARRIED,12TH GRADE,25,URBAN,3.0 - 5.9\%
110,750.0,0,NO,WHITE,81,FEMALE,3,EMPLOYED,NORTHEAST,MARRIED,12TH GRADE,30,URBAN,3.0 - 5.9\%
97,750.0,0,NO,WHITE,46,MALE,2,EMPLOYED,NORTHEAST,MARRIED,1ST YR COL,25,URBAN,3.0 - 5.9\%
104,916.0,0,NO,WHITE,580,FEMALE,2,EMPLOYED,NORTHEAST,MARRIED,12TH GRADE,31,URBAN,3.0 - 5.9\%
124,500.0,500,NO,WHITE,16,FEMALE,3,EMPLOYED,NORTHEAST,SEPARATED,12TH GRADE,28,URBAN,3.0 - 5.9\%
122,913.0,0,NO,WHITE,48,MALE,2,EMPLOYED,NORTHEAST,MARRIED,2ND YR COL,26,RURAL,3.0 - 5.9\%
109,1495.0,0,NO,WHITE,88,FEMALE,4,OUT OF LABOR FORCE,NORTHEAST,MARRIED,2ND YR COL,25,RURAL,3.0 - 5.9\%
96,424.0,500,YES,WHITE,1,FEMALE,3,EMPLOYED,NORTHEAST,DIVORCED,1ST YR COL,27,URBAN,3.0 - 5.9\%
45,1943.0,0,NO,WHITE,99,MALE,3,EMPLOYED,NORTH CENTRAL,MARRIED,12TH GRADE,29,URBAN,6.0 - 8.9\%
63,436.0,0,NO,WHITE,-3,FEMALE,6,EMPLOYED,WEST,NEVER MARRIED,2ND YR COL,29,URBAN,9.0 - 11.9\%
114,-4.0,0,NO,WHITE,114,FEMALE,5,EMPLOYED,NORTH CENTRAL,MARRIED,1ST YR COL,31,RURAL,3.0 - 5.9\%
114,-4.0,0,NO,WHITE,228,FEMALE,3,EMPLOYED,NORTH CENTRAL,MARRIED,4TH YR COL,28,RURAL,3.0 - 5.9\%
109,650.0,0,NO,WHITE,25,MALE,3,EMPLOYED,NORTH CENTRAL,NEVER MARRIED,4TH YR COL,27,URBAN,3.0 - 5.9\%
128,617.0,0,NO,WHITE,526,FEMALE,4,EMPLOYED,NORTH CENTRAL,MARRIED,12TH GRADE,27,URBAN,3.0 - 5.9\%
108,569.0,0,NO,WHITE,23,FEMALE,2,EMPLOYED,NORTH CENTRAL,MARRIED,1ST YR COL,25,URBAN,3.0 - 5.9\%
97,375.0,0,NO,WHITE,10,FEMALE,3,UNEMPLOYED,SOUTH,MARRIED,1ST YR COL,28,URBAN,3.0 - 5.9\%
75,390.0,0,NO,WHITE,2,FEMALE,3,EMPLOYED,SOUTH,NEVER MARRIED,12TH GRADE,27,RURAL,3.0 - 5.9\%
122,900.0,0,NO,WHITE,66,MALE,2,EMPLOYED,SOUTH,MARRIED,12TH GRADE,32,URBAN,3.0 - 5.9\%
88,570.0,0,NO,WHITE,83,FEMALE,2,EMPLOYED,NORTHEAST,MARRIED,12TH GRADE,28,URBAN,3.0 - 5.9\%
141,2857.0,0,NO,WHITE,179,MALE,3,EMPLOYED,NORTHEAST,MARRIED,4TH YR COL,27,URBAN,3.0 - 5.9\%
89,-4.0,0,YES,WHITE,-4,FEMALE,2,OUT OF LABOR FORCE,NORTH CENTRAL,SEPARATED,12TH GRADE,27,URBAN,9.0 - 11.9\%
35,525.0,0,NO,WHITE,22,MALE,2,EMPLOYED,SOUTH,DIVORCED,12TH GRADE,27,RURAL,3.0 - 5.9\%
35,700.0,0,NO,WHITE,193,FEMALE,1,EMPLOYED,SOUTH,DIVORCED,12TH GRADE,25,URBAN,3.0 - 5.9\%
36,772.0,0,NO,BLACK,25,MALE,1,EMPLOYED,SOUTH,NEVER MARRIED,4TH YR COL,28,RURAL,3.0 - 5.9\%
37,1337.0,0,NO,BLACK,169,MALE,1,EMPLOYED,SOUTH,NEVER MARRIED,12TH GRADE,27,URBAN,3.0 - 5.9\%
4,525.0,0,NO,BLACK,230,MALE,2,EMPLOYED,SOUTH,MARRIED,12TH GRADE,25,URBAN,3.0 - 5.9\%
32,937.0,0,NO,WHITE,161,MALE,3,EMPLOYED,SOUTH,MARRIED,12TH GRADE,25,RURAL,3.0 - 5.9\%
38,505.0,3000,NO,BLACK,560,FEMALE,4,EMPLOYED,SOUTH,NEVER MARRIED,12TH GRADE,29,RURAL,3.0 - 5.9\%
39,1775.0,0,NO,BLACK,225,MALE,2,EMPLOYED,SOUTH,MARRIED,4TH YR COL,27,URBAN,3.0 - 5.9\%
110,981.0,0,NO,WHITE,555,MALE,4,EMPLOYED,SOUTH,MARRIED,1ST YR COL,26,RURAL,6.0 - 8.9\%
67,375.0,0,NO,BLACK,7,FEMALE,2,EMPLOYED,SOUTH,SEPARATED,3RD YR COL,31,URBAN,3.0 - 5.9\%
98,1218.0,0,NO,WHITE,564,MALE,4,EMPLOYED,SOUTH,MARRIED,12TH GRADE,29,URBAN,6.0 - 8.9\%
105,750.0,0,NO,WHITE,53,MALE,1,EMPLOYED,SOUTH,SEPARATED,12TH GRADE,32,URBAN,3.0 - 5.9\%
72,765.0,0,NO,BLACK,315,MALE,5,EMPLOYED,SOUTH,MARRIED,11TH GRADE,25,URBAN,3.0 - 5.9\%
100,701.0,0,NO,WHITE,19,MALE,7,EMPLOYED,SOUTH,MARRIED,12TH GRADE,27,RURAL,3.0 - 5.9\%
100,-4.0,3640,NO,WHITE,-4,FEMALE,10,OUT OF LABOR FORCE,SOUTH,MARRIED,12TH GRADE,26,RURAL,3.0 - 5.9\%
79,600.0,0,NO,WHITE,1,MALE,2,EMPLOYED,NORTHEAST,DIVORCED,11TH GRADE,29,URBAN,6.0 - 8.9\%
81,-4.0,0,NO,WHITE,-4,FEMALE,5,OUT OF LABOR FORCE,SOUTH,MARRIED,12TH GRADE,27,RURAL,9.0 - 11.9\%
120,1650.0,0,NO,WHITE,270,FEMALE,4,EMPLOYED,NORTHEAST,MARRIED,5TH YR COL,31,URBAN,3.0 - 5.9\%
89,550.0,0,NO,WHITE,92,FEMALE,2,EMPLOYED,NORTHEAST,SEPARATED,11TH GRADE,25,URBAN,3.0 - 5.9\%
110,350.0,0,NO,WHITE,1,FEMALE,3,EMPLOYED,NORTHEAST,MARRIED,5TH YR COL,32,URBAN,3.0 - 5.9\%
28,800.0,0,NO,WHITE,144,MALE,1,EMPLOYED,SOUTH,DIVORCED,12TH GRADE,26,RURAL,3.0 - 5.9\%
69,850.0,0,NO,WHITE,250,MALE,2,EMPLOYED,SOUTH,MARRIED,10TH GRADE,26,URBAN,3.0 - 5.9\%
95,725.0,0,NO,WHITE,26,MALE,2,EMPLOYED,SOUTH,MARRIED,12TH GRADE,25,URBAN,3.0 - 5.9\%
78,300.0,0,NO,WHITE,44,MALE,6,EMPLOYED,SOUTH,MARRIED,10TH GRADE,29,RURAL,9.0 - 11.9\%
23,-4.0,0,NO,WHITE,-4,MALE,2,UNEMPLOYED,SOUTH,NEVER MARRIED,4TH GRADE,26,RURAL,6.0 - 8.9\%
101,994.0,0,NO,WHITE,554,MALE,4,EMPLOYED,NORTHEAST,MARRIED,12TH GRADE,28,URBAN,3.0 - 5.9\%
126,490.0,0,NO,WHITE,30,FEMALE,2,EMPLOYED,NORTH CENTRAL,MARRIED,12TH GRADE,27,RURAL,6.0 - 8.9\%
89,2307.0,0,NO,WHITE,57,FEMALE,2,EMPLOYED,NORTH CENTRAL,MARRIED,12TH GRADE,28,URBAN,3.0 - 5.9\%
89,625.0,0,NO,WHITE,65,MALE,3,EMPLOYED,NORTH CENTRAL,MARRIED,12TH GRADE,28,RURAL,6.0 - 8.9\%
94,549.0,0,NO,WHITE,471,MALE,3,EMPLOYED,NORTH CENTRAL,MARRIED,12TH GRADE,26,RURAL,6.0 - 8.9\%
99,909.0,0,NO,WHITE,8,MALE,3,EMPLOYED,SOUTH,MARRIED,1ST YR COL,28,URBAN,3.0 - 5.9\%
27,400.0,0,NO,WHITE,13,MALE,1,EMPLOYED,SOUTH,SEPARATED,10TH GRADE,28,RURAL,3.0 - 5.9\%
32,756.0,0,NO,WHITE,292,FEMALE,3,EMPLOYED,SOUTH,DIVORCED,11TH GRADE,26,RURAL,3.0 - 5.9\%
26,500.0,0,NO,WHITE,5,MALE,4,UNEMPLOYED,SOUTH,MARRIED,7TH GRADE,29,RURAL,3.0 - 5.9\%
25,715.0,0,NO,OTHER,200,MALE,2,EMPLOYED,NORTH CENTRAL,MARRIED,1ST YR COL,27,RURAL,6.0 - 8.9\%
92,600.0,0,NO,WHITE,154,FEMALE,5,EMPLOYED,SOUTH,MARRIED,12TH GRADE,25,RURAL,9.0 - 11.9\%
99,575.0,0,NO,WHITE,259,FEMALE,4,EMPLOYED,SOUTH,MARRIED,12TH GRADE,24,RURAL,9.0 - 11.9\%
124,480.0,0,NO,WHITE,29,FEMALE,1,EMPLOYED,SOUTH,NEVER MARRIED,6TH YR COL,30,RURAL,6.0 - 8.9\%
53,1282.0,0,NO,WHITE,11,MALE,3,EMPLOYED,SOUTH,MARRIED,7TH YR COL,31,URBAN,< 3.0\%
104,700.0,0,NO,WHITE,86,MALE,2,EMPLOYED,NORTHEAST,NEVER MARRIED,12TH GRADE,29,URBAN,3.0 - 5.9\%
95,530.0,0,NO,WHITE,42,FEMALE,3,EMPLOYED,NORTHEAST,MARRIED,8TH GRADE,27,URBAN,3.0 - 5.9\%
99,892.0,0,NO,WHITE,63,FEMALE,2,EMPLOYED,SOUTH,NEVER MARRIED,12TH GRADE,28,URBAN,3.0 - 5.9\%
33,921.0,0,NO,WHITE,169,FEMALE,4,EMPLOYED,NORTHEAST,MARRIED,12TH GRADE,28,URBAN,3.0 - 5.9\%
116,750.0,1872,NO,WHITE,88,FEMALE,7,EMPLOYED,NORTH CENTRAL,MARRIED,10TH GRADE,29,RURAL,6.0 - 8.9\%
105,800.0,0,NO,WHITE,9,FEMALE,3,EMPLOYED,NORTH CENTRAL,MARRIED,2ND YR COL,27,RURAL,6.0 - 8.9\%
112,1081.0,0,NO,WHITE,32,MALE,2,EMPLOYED,NORTH CENTRAL,MARRIED,1ST YR COL,26,URBAN,6.0 - 8.9\%
43,1808.0,0,NO,WHITE,18,MALE,2,EMPLOYED,NORTH CENTRAL,MARRIED,6TH YR COL,25,URBAN,6.0 - 8.9\%
